generation,index,cost,preference,penalty,rank,crowdingDistance,feasible,route
0,1,154.0,49.0,0.0,1,0.0,true,"City16(Day 6)"
0,2,253.0,81.0,0.0,1,0.0,true,"City4(Day 2)"
0,3,366.0,256.0,0.0,1,0.0,true,"City18(Day 0) -> City22(Day 5)"
0,4,234.0,64.0,0.0,1,0.0,true,"City18(Day 0)"
0,5,527.0,324.0,0.0,1,0.0,true,"City21(Day 3) -> City4(Day 4) -> City7(Day 6)"
1,1,485.0,484.0,0.0,1,0.0,true,"City14(Day 1) -> City16(Day 3) -> City24(Day 6)"
1,2,154.0,49.0,0.0,1,0.0,true,"City16(Day 6)"
1,3,253.0,81.0,0.0,1,0.0,true,"City4(Day 2)"
1,4,466.0,361.0,0.0,1,0.0,true,"City19(Day 0) -> City15(Day 4) -> City22(Day 5)"
1,5,596.0,625.0,0.0,1,0.0,true,"City22(Day 3) -> City18(Day 4) -> City4(Day 5)"
1,6,234.0,64.0,0.0,1,0.0,true,"City18(Day 0)"
1,7,315.0,256.0,0.0,1,0.0,true,"City18(Day 2) -> City22(Day 5)"
2,1,498.0,576.0,0.0,1,0.0,true,"City16(Day 1) -> City4(Day 2) -> City18(Day 3)"
2,2,403.0,289.0,0.0,1,0.0,true,"City16(Day 1) -> City19(Day 2) -> City21(Day 6)"
2,3,253.0,81.0,0.0,1,0.0,true,"City4(Day 2)"
2,4,154.0,49.0,0.0,1,0.0,true,"City16(Day 6)"
2,5,596.0,625.0,0.0,1,0.0,true,"City22(Day 3) -> City18(Day 4) -> City4(Day 5)"
2,6,315.0,256.0,0.0,1,0.0,true,"City18(Day 2) -> City22(Day 5)"
2,7,234.0,64.0,0.0,1,0.0,true,"City18(Day 0)"
2,8,429.0,529.0,0.0,1,0.0,true,"City18(Day 2) -> City22(Day 5) -> City16(Day 6)"
3,1,154.0,49.0,0.0,1,0.0,true,"City16(Day 6)"
3,2,253.0,81.0,0.0,1,0.0,true,"City4(Day 2)"
3,3,315.0,256.0,0.0,1,0.0,true,"City18(Day 2) -> City22(Day 5)"
3,4,374.0,361.0,0.0,1,0.0,true,"City19(Day 0) -> City16(Day 1) -> City18(Day 4)"
3,5,429.0,529.0,0.0,1,0.0,true,"City18(Day 2) -> City22(Day 5) -> City16(Day 6)"
3,6,596.0,625.0,0.0,1,0.0,true,"City22(Day 3) -> City18(Day 4) -> City4(Day 5)"
3,7,445.0,576.0,0.0,1,0.0,true,"City14(Day 1) -> City16(Day 3) -> City18(Day 5)"
3,8,234.0,64.0,0.0,1,0.0,true,"City18(Day 0)"
4,1,154.0,49.0,0.0,1,0.0,true,"City16(Day 6)"
4,2,253.0,81.0,0.0,1,0.0,true,"City4(Day 2)"
4,3,445.0,576.0,0.0,1,0.0,true,"City14(Day 1) -> City16(Day 3) -> City18(Day 5)"
4,4,315.0,256.0,0.0,1,0.0,true,"City18(Day 2) -> City22(Day 5)"
4,5,274.0,225.0,0.0,1,0.0,true,"City16(Day 2) -> City18(Day 4)"
4,6,234.0,64.0,0.0,1,0.0,true,"City18(Day 0)"
4,7,429.0,529.0,0.0,1,0.0,true,"City18(Day 2) -> City22(Day 5) -> City16(Day 6)"
4,8,596.0,625.0,0.0,1,0.0,true,"City22(Day 3) -> City18(Day 4) -> City4(Day 5)"
4,9,362.0,361.0,0.0,1,0.0,true,"City19(Day 0) -> City16(Day 3) -> City18(Day 5)"
5,1,234.0,64.0,0.0,1,0.0,true,"City18(Day 0)"
5,2,360.0,361.0,0.0,1,0.0,true,"City16(Day 1) -> City18(Day 2) -> City19(Day 3)"
5,3,445.0,576.0,0.0,1,0.0,true,"City14(Day 1) -> City16(Day 3) -> City18(Day 5)"
5,4,536.0,625.0,0.0,1,0.0,true,"City4(Day 0) -> City18(Day 3) -> City22(Day 5)"
5,5,425.0,400.0,0.0,1,0.0,true,"City19(Day 2) -> City22(Day 3) -> City18(Day 4)"
5,6,154.0,49.0,0.0,1,0.0,true,"City16(Day 6)"
5,7,429.0,529.0,0.0,1,0.0,true,"City18(Day 2) -> City22(Day 5) -> City16(Day 6)"
5,8,253.0,81.0,0.0,1,0.0,true,"City4(Day 2)"
5,9,315.0,256.0,0.0,1,0.0,true,"City18(Day 2) -> City22(Day 5)"
5,10,274.0,225.0,0.0,1,0.0,true,"City16(Day 2) -> City18(Day 4)"
6,1,253.0,81.0,0.0,1,0.0,true,"City4(Day 2)"
6,2,274.0,225.0,0.0,1,0.0,true,"City16(Day 2) -> City18(Day 4)"
6,3,437.0,576.0,0.0,1,0.0,true,"City4(Day 2) -> City16(Day 4) -> City18(Day 5)"
6,4,360.0,361.0,0.0,1,0.0,true,"City16(Day 1) -> City18(Day 2) -> City19(Day 3)"
6,5,536.0,625.0,0.0,1,0.0,true,"City4(Day 0) -> City18(Day 3) -> City22(Day 5)"
6,6,429.0,529.0,0.0,1,0.0,true,"City18(Day 2) -> City22(Day 5) -> City16(Day 6)"
6,7,412.0,400.0,0.0,1,0.0,true,"City18(Day 2) -> City19(Day 3) -> City22(Day 6)"
6,8,154.0,49.0,0.0,1,0.0,true,"City16(Day 6)"
6,9,309.0,256.0,0.0,1,0.0,true,"City22(Day 3) -> City18(Day 4)"
6,10,234.0,64.0,0.0,1,0.0,true,"City18(Day 0)"
7,1,274.0,225.0,0.0,1,0.0,true,"City16(Day 2) -> City18(Day 4)"
7,2,412.0,400.0,0.0,1,0.0,true,"City18(Day 2) -> City19(Day 3) -> City22(Day 6)"
7,3,360.0,361.0,0.0,1,0.0,true,"City16(Day 1) -> City18(Day 2) -> City19(Day 3)"
7,4,253.0,81.0,0.0,1,0.0,true,"City4(Day 2)"
7,5,309.0,256.0,0.0,1,0.0,true,"City22(Day 3) -> City18(Day 4)"
7,6,534.0,625.0,0.0,1,0.0,true,"City4(Day 0) -> City22(Day 3) -> City18(Day 4)"
7,7,437.0,576.0,0.0,1,0.0,true,"City4(Day 2) -> City16(Day 4) -> City18(Day 5)"
7,8,154.0,49.0,0.0,1,0.0,true,"City16(Day 6)"
7,9,414.0,529.0,0.0,1,0.0,true,"City16(Day 1) -> City18(Day 2) -> City22(Day 6)"
7,10,234.0,64.0,0.0,1,0.0,true,"City18(Day 0)"
8,1,274.0,225.0,0.0,1,0.0,true,"City16(Day 2) -> City18(Day 4)"
8,2,253.0,81.0,0.0,1,0.0,true,"City4(Day 2)"
8,3,499.0,625.0,0.0,1,0.0,true,"City4(Day 1) -> City18(Day 3) -> City22(Day 5)"
8,4,412.0,400.0,0.0,1,0.0,true,"City18(Day 2) -> City19(Day 3) -> City22(Day 6)"
8,5,234.0,64.0,0.0,1,0.0,true,"City18(Day 0)"
8,6,154.0,49.0,0.0,1,0.0,true,"City16(Day 6)"
8,7,360.0,361.0,0.0,1,0.0,true,"City16(Day 1) -> City18(Day 2) -> City19(Day 3)"
8,8,309.0,256.0,0.0,1,0.0,true,"City22(Day 3) -> City18(Day 4)"
8,9,414.0,529.0,0.0,1,0.0,true,"City16(Day 1) -> City18(Day 2) -> City22(Day 6)"
8,10,437.0,576.0,0.0,1,0.0,true,"City4(Day 2) -> City16(Day 4) -> City18(Day 5)"
8,11,136.0,16.0,0.0,1,0.0,true,"City19(Day 3)"
9,1,499.0,625.0,0.0,1,0.0,true,"City4(Day 1) -> City18(Day 3) -> City22(Day 5)"
9,2,367.0,441.0,0.0,1,0.0,true,"City16(Day 0) -> City18(Day 2) -> City24(Day 3)"
9,3,356.0,289.0,0.0,1,0.0,true,"City14(Day 1) -> City18(Day 3)"
9,4,253.0,81.0,0.0,1,0.0,true,"City4(Day 2)"
9,5,154.0,49.0,0.0,1,0.0,true,"City16(Day 6)"
9,6,392.0,529.0,0.0,1,0.0,true,"City16(Day 1) -> City18(Day 2) -> City22(Day 5)"
9,7,136.0,16.0,0.0,1,0.0,true,"City19(Day 3)"
9,8,165.0,64.0,0.0,1,0.0,true,"City18(Day 4)"
9,9,309.0,256.0,0.0,1,0.0,true,"City22(Day 3) -> City18(Day 4)"
9,10,274.0,225.0,0.0,1,0.0,true,"City16(Day 2) -> City18(Day 4)"
9,11,437.0,576.0,0.0,1,0.0,true,"City4(Day 2) -> City16(Day 4) -> City18(Day 5)"
9,12,360.0,361.0,0.0,1,0.0,true,"City16(Day 1) -> City18(Day 2) -> City19(Day 3)"
10,1,309.0,256.0,0.0,1,0.0,true,"City22(Day 3) -> City18(Day 4)"
10,2,343.0,289.0,0.0,1,0.0,true,"City14(Day 1) -> City18(Day 4)"
10,3,360.0,361.0,0.0,1,0.0,true,"City16(Day 1) -> City18(Day 2) -> City19(Day 3)"
10,4,154.0,49.0,0.0,1,0.0,true,"City16(Day 6)"
10,5,543.0,676.0,0.0,1,0.0,true,"City14(Day 1) -> City4(Day 4) -> City18(Day 5)"
10,6,392.0,529.0,0.0,1,0.0,true,"City16(Day 1) -> City18(Day 2) -> City22(Day 5)"
10,7,165.0,64.0,0.0,1,0.0,true,"City18(Day 4)"
10,8,136.0,16.0,0.0,1,0.0,true,"City19(Day 3)"
10,9,426.0,576.0,0.0,1,0.0,true,"City4(Day 2) -> City16(Day 3) -> City18(Day 5)"
10,10,367.0,441.0,0.0,1,0.0,true,"City16(Day 0) -> City18(Day 2) -> City24(Day 3)"
10,11,237.0,225.0,0.0,1,0.0,true,"City16(Day 1) -> City18(Day 4)"
10,12,499.0,625.0,0.0,1,0.0,true,"City4(Day 1) -> City18(Day 3) -> City22(Day 5)"
11,1,343.0,289.0,0.0,1,0.0,true,"City14(Day 1) -> City18(Day 4)"
11,2,154.0,49.0,0.0,1,0.0,true,"City16(Day 6)"
11,3,367.0,441.0,0.0,1,0.0,true,"City16(Day 0) -> City18(Day 2) -> City24(Day 3)"
11,4,236.0,121.0,0.0,1,0.0,true,"City16(Day 0) -> City19(Day 3)"
11,5,384.0,529.0,0.0,1,0.0,true,"City16(Day 0) -> City18(Day 4) -> City22(Day 5)"
11,6,165.0,64.0,0.0,1,0.0,true,"City18(Day 4)"
11,7,360.0,361.0,0.0,1,0.0,true,"City16(Day 1) -> City18(Day 2) -> City19(Day 3)"
11,8,499.0,625.0,0.0,1,0.0,true,"City4(Day 1) -> City18(Day 3) -> City22(Day 5)"
11,9,237.0,225.0,0.0,1,0.0,true,"City16(Day 1) -> City18(Day 4)"
11,10,309.0,256.0,0.0,1,0.0,true,"City22(Day 3) -> City18(Day 4)"
11,11,426.0,576.0,0.0,1,0.0,true,"City4(Day 2) -> City16(Day 3) -> City18(Day 5)"
11,12,136.0,16.0,0.0,1,0.0,true,"City19(Day 3)"
11,13,543.0,676.0,0.0,1,0.0,true,"City14(Day 1) -> City4(Day 4) -> City18(Day 5)"
12,1,237.0,225.0,0.0,1,0.0,true,"City16(Day 1) -> City18(Day 4)"
12,2,136.0,16.0,0.0,1,0.0,true,"City19(Day 3)"
12,3,154.0,49.0,0.0,1,0.0,true,"City16(Day 6)"
12,4,426.0,576.0,0.0,1,0.0,true,"City4(Day 2) -> City16(Day 3) -> City18(Day 5)"
12,5,165.0,64.0,0.0,1,0.0,true,"City18(Day 4)"
12,6,499.0,625.0,0.0,1,0.0,true,"City4(Day 1) -> City18(Day 3) -> City22(Day 5)"
12,7,384.0,529.0,0.0,1,0.0,true,"City16(Day 0) -> City18(Day 4) -> City22(Day 5)"
12,8,236.0,121.0,0.0,1,0.0,true,"City16(Day 0) -> City19(Day 3)"
12,9,343.0,289.0,0.0,1,0.0,true,"City14(Day 1) -> City18(Day 4)"
12,10,309.0,256.0,0.0,1,0.0,true,"City22(Day 3) -> City18(Day 4)"
12,11,543.0,676.0,0.0,1,0.0,true,"City14(Day 1) -> City4(Day 4) -> City18(Day 5)"
12,12,346.0,441.0,0.0,1,0.0,true,"City16(Day 1) -> City24(Day 3) -> City18(Day 4)"
13,1,346.0,441.0,0.0,1,0.0,true,"City16(Day 1) -> City24(Day 3) -> City18(Day 4)"
13,2,499.0,625.0,0.0,1,0.0,true,"City4(Day 1) -> City18(Day 3) -> City22(Day 5)"
13,3,237.0,225.0,0.0,1,0.0,true,"City16(Day 1) -> City18(Day 4)"
13,4,165.0,64.0,0.0,1,0.0,true,"City18(Day 4)"
13,5,154.0,49.0,0.0,1,0.0,true,"City16(Day 6)"
13,6,543.0,676.0,0.0,1,0.0,true,"City14(Day 1) -> City4(Day 4) -> City18(Day 5)"
13,7,236.0,121.0,0.0,1,0.0,true,"City16(Day 0) -> City19(Day 3)"
13,8,426.0,576.0,0.0,1,0.0,true,"City4(Day 2) -> City16(Day 3) -> City18(Day 5)"
13,9,136.0,16.0,0.0,1,0.0,true,"City19(Day 3)"
13,10,384.0,529.0,0.0,1,0.0,true,"City16(Day 0) -> City18(Day 4) -> City22(Day 5)"
13,11,309.0,256.0,0.0,1,0.0,true,"City22(Day 3) -> City18(Day 4)"
13,12,343.0,289.0,0.0,1,0.0,true,"City14(Day 1) -> City18(Day 4)"
14,1,237.0,225.0,0.0,1,0.0,true,"City16(Day 1) -> City18(Day 4)"
14,2,136.0,16.0,0.0,1,0.0,true,"City19(Day 3)"
14,3,384.0,529.0,0.0,1,0.0,true,"City16(Day 0) -> City18(Day 4) -> City22(Day 5)"
14,4,346.0,441.0,0.0,1,0.0,true,"City16(Day 1) -> City24(Day 3) -> City18(Day 4)"
14,5,154.0,49.0,0.0,1,0.0,true,"City16(Day 6)"
14,6,499.0,625.0,0.0,1,0.0,true,"City4(Day 1) -> City18(Day 3) -> City22(Day 5)"
14,7,236.0,121.0,0.0,1,0.0,true,"City16(Day 0) -> City19(Day 3)"
14,8,309.0,256.0,0.0,1,0.0,true,"City22(Day 3) -> City18(Day 4)"
14,9,165.0,64.0,0.0,1,0.0,true,"City18(Day 4)"
14,10,426.0,576.0,0.0,1,0.0,true,"City4(Day 2) -> City16(Day 3) -> City18(Day 5)"
14,11,543.0,676.0,0.0,1,0.0,true,"City14(Day 1) -> City4(Day 4) -> City18(Day 5)"
14,12,341.0,361.0,0.0,1,0.0,true,"City19(Day 0) -> City16(Day 3) -> City18(Day 4)"
15,1,154.0,49.0,0.0,1,0.0,true,"City16(Day 6)"
15,2,309.0,256.0,0.0,1,0.0,true,"City22(Day 3) -> City18(Day 4)"
15,3,384.0,529.0,0.0,1,0.0,true,"City16(Day 0) -> City18(Day 4) -> City22(Day 5)"
15,4,237.0,225.0,0.0,1,0.0,true,"City16(Day 1) -> City18(Day 4)"
15,5,165.0,64.0,0.0,1,0.0,true,"City18(Day 4)"
15,6,426.0,576.0,0.0,1,0.0,true,"City4(Day 2) -> City16(Day 3) -> City18(Day 5)"
15,7,136.0,16.0,0.0,1,0.0,true,"City19(Day 3)"
15,8,484.0,625.0,0.0,1,0.0,true,"City4(Day 2) -> City22(Day 3) -> City18(Day 4)"
15,9,543.0,676.0,0.0,1,0.0,true,"City14(Day 1) -> City4(Day 4) -> City18(Day 5)"
15,10,234.0,169.0,0.0,1,0.0,true,"City16(Day 0) -> City24(Day 3)"
15,11,341.0,361.0,0.0,1,0.0,true,"City19(Day 0) -> City16(Day 3) -> City18(Day 4)"
15,12,346.0,441.0,0.0,1,0.0,true,"City16(Day 1) -> City24(Day 3) -> City18(Day 4)"
16,1,154.0,49.0,0.0,1,0.0,true,"City16(Day 6)"
16,2,484.0,625.0,0.0,1,0.0,true,"City4(Day 2) -> City22(Day 3) -> City18(Day 4)"
16,3,543.0,676.0,0.0,1,0.0,true,"City14(Day 1) -> City4(Day 4) -> City18(Day 5)"
16,4,384.0,529.0,0.0,1,0.0,true,"City16(Day 0) -> City18(Day 4) -> City22(Day 5)"
16,5,237.0,225.0,0.0,1,0.0,true,"City16(Day 1) -> City18(Day 4)"
16,6,346.0,441.0,0.0,1,0.0,true,"City16(Day 1) -> City24(Day 3) -> City18(Day 4)"
16,7,341.0,361.0,0.0,1,0.0,true,"City19(Day 0) -> City16(Day 3) -> City18(Day 4)"
16,8,165.0,64.0,0.0,1,0.0,true,"City18(Day 4)"
16,9,136.0,16.0,0.0,1,0.0,true,"City19(Day 3)"
16,10,309.0,256.0,0.0,1,0.0,true,"City22(Day 3) -> City18(Day 4)"
16,11,423.0,576.0,0.0,1,0.0,true,"City16(Day 0) -> City14(Day 1) -> City18(Day 4)"
16,12,234.0,169.0,0.0,1,0.0,true,"City16(Day 0) -> City24(Day 3)"
17,1,309.0,256.0,0.0,1,0.0,true,"City22(Day 3) -> City18(Day 4)"
17,2,543.0,676.0,0.0,1,0.0,true,"City14(Day 1) -> City4(Day 4) -> City18(Day 5)"
17,3,234.0,169.0,0.0,1,0.0,true,"City16(Day 0) -> City24(Day 3)"
17,4,346.0,441.0,0.0,1,0.0,true,"City16(Day 1) -> City24(Day 3) -> City18(Day 4)"
17,5,423.0,576.0,0.0,1,0.0,true,"City16(Day 0) -> City14(Day 1) -> City18(Day 4)"
17,6,484.0,625.0,0.0,1,0.0,true,"City4(Day 2) -> City22(Day 3) -> City18(Day 4)"
17,7,237.0,225.0,0.0,1,0.0,true,"City16(Day 1) -> City18(Day 4)"
17,8,341.0,361.0,0.0,1,0.0,true,"City19(Day 0) -> City16(Day 3) -> City18(Day 4)"
17,9,165.0,64.0,0.0,1,0.0,true,"City18(Day 4)"
17,10,136.0,16.0,0.0,1,0.0,true,"City19(Day 3)"
17,11,384.0,529.0,0.0,1,0.0,true,"City16(Day 0) -> City18(Day 4) -> City22(Day 5)"
17,12,154.0,49.0,0.0,1,0.0,true,"City16(Day 6)"
18,1,384.0,529.0,0.0,1,0.0,true,"City16(Day 0) -> City18(Day 4) -> City22(Day 5)"
18,2,237.0,225.0,0.0,1,0.0,true,"City16(Day 1) -> City18(Day 4)"
18,3,423.0,576.0,0.0,1,0.0,true,"City16(Day 0) -> City14(Day 1) -> City18(Day 4)"
18,4,484.0,625.0,0.0,1,0.0,true,"City4(Day 2) -> City22(Day 3) -> City18(Day 4)"
18,5,543.0,676.0,0.0,1,0.0,true,"City14(Day 1) -> City4(Day 4) -> City18(Day 5)"
18,6,154.0,49.0,0.0,1,0.0,true,"City16(Day 6)"
18,7,341.0,361.0,0.0,1,0.0,true,"City19(Day 0) -> City16(Day 3) -> City18(Day 4)"
18,8,346.0,441.0,0.0,1,0.0,true,"City16(Day 1) -> City24(Day 3) -> City18(Day 4)"
18,9,136.0,16.0,0.0,1,0.0,true,"City19(Day 3)"
18,10,234.0,169.0,0.0,1,0.0,true,"City16(Day 0) -> City24(Day 3)"
18,11,165.0,64.0,0.0,1,0.0,true,"City18(Day 4)"
18,12,309.0,256.0,0.0,1,0.0,true,"City22(Day 3) -> City18(Day 4)"
19,1,165.0,64.0,0.0,1,0.0,true,"City18(Day 4)"
19,2,423.0,576.0,0.0,1,0.0,true,"City16(Day 0) -> City14(Day 1) -> City18(Day 4)"
19,3,484.0,625.0,0.0,1,0.0,true,"City4(Day 2) -> City22(Day 3) -> City18(Day 4)"
19,4,237.0,225.0,0.0,1,0.0,true,"City16(Day 1) -> City18(Day 4)"
19,5,234.0,169.0,0.0,1,0.0,true,"City16(Day 0) -> City24(Day 3)"
19,6,346.0,441.0,0.0,1,0.0,true,"City16(Day 1) -> City24(Day 3) -> City18(Day 4)"
19,7,136.0,16.0,0.0,1,0.0,true,"City19(Day 3)"
19,8,154.0,49.0,0.0,1,0.0,true,"City16(Day 6)"
19,9,384.0,529.0,0.0,1,0.0,true,"City16(Day 0) -> City18(Day 4) -> City22(Day 5)"
19,10,309.0,256.0,0.0,1,0.0,true,"City22(Day 3) -> City18(Day 4)"
19,11,341.0,361.0,0.0,1,0.0,true,"City19(Day 0) -> City16(Day 3) -> City18(Day 4)"
19,12,543.0,676.0,0.0,1,0.0,true,"City14(Day 1) -> City4(Day 4) -> City18(Day 5)"
20,1,309.0,256.0,0.0,1,0.0,true,"City22(Day 3) -> City18(Day 4)"
20,2,237.0,225.0,0.0,1,0.0,true,"City16(Day 1) -> City18(Day 4)"
20,3,423.0,576.0,0.0,1,0.0,true,"City16(Day 0) -> City14(Day 1) -> City18(Day 4)"
20,4,165.0,64.0,0.0,1,0.0,true,"City18(Day 4)"
20,5,154.0,49.0,0.0,1,0.0,true,"City16(Day 6)"
20,6,346.0,441.0,0.0,1,0.0,true,"City16(Day 1) -> City24(Day 3) -> City18(Day 4)"
20,7,341.0,361.0,0.0,1,0.0,true,"City19(Day 0) -> City16(Day 3) -> City18(Day 4)"
20,8,234.0,169.0,0.0,1,0.0,true,"City16(Day 0) -> City24(Day 3)"
20,9,484.0,625.0,0.0,1,0.0,true,"City4(Day 2) -> City22(Day 3) -> City18(Day 4)"
20,10,384.0,529.0,0.0,1,0.0,true,"City16(Day 0) -> City18(Day 4) -> City22(Day 5)"
20,11,136.0,16.0,0.0,1,0.0,true,"City19(Day 3)"
20,12,543.0,676.0,0.0,1,0.0,true,"City14(Day 1) -> City4(Day 4) -> City18(Day 5)"
21,1,237.0,225.0,0.0,1,0.0,true,"City16(Day 1) -> City18(Day 4)"
21,2,484.0,625.0,0.0,1,0.0,true,"City4(Day 2) -> City22(Day 3) -> City18(Day 4)"
21,3,384.0,529.0,0.0,1,0.0,true,"City16(Day 0) -> City18(Day 4) -> City22(Day 5)"
21,4,346.0,441.0,0.0,1,0.0,true,"City16(Day 1) -> City24(Day 3) -> City18(Day 4)"
21,5,165.0,64.0,0.0,1,0.0,true,"City18(Day 4)"
21,6,234.0,169.0,0.0,1,0.0,true,"City16(Day 0) -> City24(Day 3)"
21,7,136.0,16.0,0.0,1,0.0,true,"City19(Day 3)"
21,8,154.0,49.0,0.0,1,0.0,true,"City16(Day 6)"
21,9,341.0,361.0,0.0,1,0.0,true,"City19(Day 0) -> City16(Day 3) -> City18(Day 4)"
21,10,309.0,256.0,0.0,1,0.0,true,"City22(Day 3) -> City18(Day 4)"
21,11,532.0,676.0,0.0,1,0.0,true,"City4(Day 2) -> City14(Day 3) -> City18(Day 4)"
21,12,423.0,576.0,0.0,1,0.0,true,"City16(Day 0) -> City14(Day 1) -> City18(Day 4)"
22,1,532.0,676.0,0.0,1,0.0,true,"City4(Day 2) -> City14(Day 3) -> City18(Day 4)"
22,2,484.0,625.0,0.0,1,0.0,true,"City4(Day 2) -> City22(Day 3) -> City18(Day 4)"
22,3,234.0,169.0,0.0,1,0.0,true,"City16(Day 0) -> City24(Day 3)"
22,4,346.0,441.0,0.0,1,0.0,true,"City16(Day 1) -> City24(Day 3) -> City18(Day 4)"
22,5,341.0,361.0,0.0,1,0.0,true,"City19(Day 0) -> City16(Day 3) -> City18(Day 4)"
22,6,154.0,49.0,0.0,1,0.0,true,"City16(Day 6)"
22,7,237.0,225.0,0.0,1,0.0,true,"City16(Day 1) -> City18(Day 4)"
22,8,384.0,529.0,0.0,1,0.0,true,"City16(Day 0) -> City18(Day 4) -> City22(Day 5)"
22,9,136.0,16.0,0.0,1,0.0,true,"City19(Day 3)"
22,10,165.0,64.0,0.0,1,0.0,true,"City18(Day 4)"
22,11,423.0,576.0,0.0,1,0.0,true,"City16(Day 0) -> City14(Day 1) -> City18(Day 4)"
22,12,309.0,256.0,0.0,1,0.0,true,"City22(Day 3) -> City18(Day 4)"
23,1,384.0,529.0,0.0,1,0.0,true,"City16(Day 0) -> City18(Day 4) -> City22(Day 5)"
23,2,484.0,625.0,0.0,1,0.0,true,"City4(Day 2) -> City22(Day 3) -> City18(Day 4)"
23,3,136.0,16.0,0.0,1,0.0,true,"City19(Day 3)"
23,4,154.0,49.0,0.0,1,0.0,true,"City16(Day 6)"
23,5,234.0,169.0,0.0,1,0.0,true,"City16(Day 0) -> City24(Day 3)"
23,6,309.0,256.0,0.0,1,0.0,true,"City22(Day 3) -> City18(Day 4)"
23,7,423.0,576.0,0.0,1,0.0,true,"City16(Day 0) -> City14(Day 1) -> City18(Day 4)"
23,8,165.0,64.0,0.0,1,0.0,true,"City18(Day 4)"
23,9,237.0,225.0,0.0,1,0.0,true,"City16(Day 1) -> City18(Day 4)"
23,10,341.0,361.0,0.0,1,0.0,true,"City19(Day 0) -> City16(Day 3) -> City18(Day 4)"
23,11,346.0,441.0,0.0,1,0.0,true,"City16(Day 1) -> City24(Day 3) -> City18(Day 4)"
23,12,532.0,676.0,0.0,1,0.0,true,"City4(Day 2) -> City14(Day 3) -> City18(Day 4)"
24,1,423.0,576.0,0.0,1,0.0,true,"City16(Day 0) -> City14(Day 1) -> City18(Day 4)"
24,2,309.0,256.0,0.0,1,0.0,true,"City22(Day 3) -> City18(Day 4)"
24,3,234.0,169.0,0.0,1,0.0,true,"City16(Day 0) -> City24(Day 3)"
24,4,165.0,64.0,0.0,1,0.0,true,"City18(Day 4)"
24,5,346.0,441.0,0.0,1,0.0,true,"City16(Day 1) -> City24(Day 3) -> City18(Day 4)"
24,6,384.0,529.0,0.0,1,0.0,true,"City16(Day 0) -> City18(Day 4) -> City22(Day 5)"
24,7,484.0,625.0,0.0,1,0.0,true,"City4(Day 2) -> City22(Day 3) -> City18(Day 4)"
24,8,136.0,16.0,0.0,1,0.0,true,"City19(Day 3)"
24,9,237.0,225.0,0.0,1,0.0,true,"City16(Day 1) -> City18(Day 4)"
24,10,154.0,49.0,0.0,1,0.0,true,"City16(Day 6)"
24,11,341.0,361.0,0.0,1,0.0,true,"City19(Day 0) -> City16(Day 3) -> City18(Day 4)"
24,12,532.0,676.0,0.0,1,0.0,true,"City4(Day 2) -> City14(Day 3) -> City18(Day 4)"
25,1,309.0,256.0,0.0,1,0.0,true,"City22(Day 3) -> City18(Day 4)"
25,2,341.0,361.0,0.0,1,0.0,true,"City19(Day 0) -> City16(Day 3) -> City18(Day 4)"
25,3,484.0,625.0,0.0,1,0.0,true,"City4(Day 2) -> City22(Day 3) -> City18(Day 4)"
25,4,384.0,529.0,0.0,1,0.0,true,"City16(Day 0) -> City18(Day 4) -> City22(Day 5)"
25,5,154.0,49.0,0.0,1,0.0,true,"City16(Day 6)"
25,6,234.0,169.0,0.0,1,0.0,true,"City16(Day 0) -> City24(Day 3)"
25,7,165.0,64.0,0.0,1,0.0,true,"City18(Day 4)"
25,8,423.0,576.0,0.0,1,0.0,true,"City16(Day 0) -> City14(Day 1) -> City18(Day 4)"
25,9,532.0,676.0,0.0,1,0.0,true,"City4(Day 2) -> City14(Day 3) -> City18(Day 4)"
25,10,346.0,441.0,0.0,1,0.0,true,"City16(Day 1) -> City24(Day 3) -> City18(Day 4)"
25,11,237.0,225.0,0.0,1,0.0,true,"City16(Day 1) -> City18(Day 4)"
25,12,136.0,16.0,0.0,1,0.0,true,"City19(Day 3)"
26,1,341.0,361.0,0.0,1,0.0,true,"City19(Day 0) -> City16(Day 3) -> City18(Day 4)"
26,2,154.0,49.0,0.0,1,0.0,true,"City16(Day 6)"
26,3,136.0,16.0,0.0,1,0.0,true,"City19(Day 3)"
26,4,165.0,64.0,0.0,1,0.0,true,"City18(Day 4)"
26,5,384.0,529.0,0.0,1,0.0,true,"City16(Day 0) -> City18(Day 4) -> City22(Day 5)"
26,6,484.0,625.0,0.0,1,0.0,true,"City4(Day 2) -> City22(Day 3) -> City18(Day 4)"
26,7,234.0,169.0,0.0,1,0.0,true,"City16(Day 0) -> City24(Day 3)"
26,8,423.0,576.0,0.0,1,0.0,true,"City16(Day 0) -> City14(Day 1) -> City18(Day 4)"
26,9,237.0,225.0,0.0,1,0.0,true,"City16(Day 1) -> City18(Day 4)"
26,10,532.0,676.0,0.0,1,0.0,true,"City4(Day 2) -> City14(Day 3) -> City18(Day 4)"
26,11,309.0,256.0,0.0,1,0.0,true,"City22(Day 3) -> City18(Day 4)"
26,12,346.0,441.0,0.0,1,0.0,true,"City16(Day 1) -> City24(Day 3) -> City18(Day 4)"
27,1,136.0,16.0,0.0,1,0.0,true,"City19(Day 3)"
27,2,165.0,64.0,0.0,1,0.0,true,"City18(Day 4)"
27,3,341.0,361.0,0.0,1,0.0,true,"City19(Day 0) -> City16(Day 3) -> City18(Day 4)"
27,4,234.0,169.0,0.0,1,0.0,true,"City16(Day 0) -> City24(Day 3)"
27,5,237.0,225.0,0.0,1,0.0,true,"City16(Day 1) -> City18(Day 4)"
27,6,484.0,625.0,0.0,1,0.0,true,"City4(Day 2) -> City22(Day 3) -> City18(Day 4)"
27,7,532.0,676.0,0.0,1,0.0,true,"City4(Day 2) -> City14(Day 3) -> City18(Day 4)"
27,8,384.0,529.0,0.0,1,0.0,true,"City16(Day 0) -> City18(Day 4) -> City22(Day 5)"
27,9,346.0,441.0,0.0,1,0.0,true,"City16(Day 1) -> City24(Day 3) -> City18(Day 4)"
27,10,423.0,576.0,0.0,1,0.0,true,"City16(Day 0) -> City14(Day 1) -> City18(Day 4)"
27,11,154.0,49.0,0.0,1,0.0,true,"City16(Day 6)"
27,12,309.0,256.0,0.0,1,0.0,true,"City22(Day 3) -> City18(Day 4)"
28,1,341.0,361.0,0.0,1,0.0,true,"City19(Day 0) -> City16(Day 3) -> City18(Day 4)"
28,2,136.0,16.0,0.0,1,0.0,true,"City19(Day 3)"
28,3,423.0,576.0,0.0,1,0.0,true,"City16(Day 0) -> City14(Day 1) -> City18(Day 4)"
28,4,237.0,225.0,0.0,1,0.0,true,"City16(Day 1) -> City18(Day 4)"
28,5,309.0,256.0,0.0,1,0.0,true,"City22(Day 3) -> City18(Day 4)"
28,6,532.0,676.0,0.0,1,0.0,true,"City4(Day 2) -> City14(Day 3) -> City18(Day 4)"
28,7,484.0,625.0,0.0,1,0.0,true,"City4(Day 2) -> City22(Day 3) -> City18(Day 4)"
28,8,234.0,169.0,0.0,1,0.0,true,"City16(Day 0) -> City24(Day 3)"
28,9,154.0,49.0,0.0,1,0.0,true,"City16(Day 6)"
28,10,384.0,529.0,0.0,1,0.0,true,"City16(Day 0) -> City18(Day 4) -> City22(Day 5)"
28,11,346.0,441.0,0.0,1,0.0,true,"City16(Day 1) -> City24(Day 3) -> City18(Day 4)"
28,12,165.0,64.0,0.0,1,0.0,true,"City18(Day 4)"
29,1,346.0,441.0,0.0,1,0.0,true,"City16(Day 1) -> City24(Day 3) -> City18(Day 4)"
29,2,384.0,529.0,0.0,1,0.0,true,"City16(Day 0) -> City18(Day 4) -> City22(Day 5)"
29,3,341.0,361.0,0.0,1,0.0,true,"City19(Day 0) -> City16(Day 3) -> City18(Day 4)"
29,4,234.0,169.0,0.0,1,0.0,true,"City16(Day 0) -> City24(Day 3)"
29,5,532.0,676.0,0.0,1,0.0,true,"City4(Day 2) -> City14(Day 3) -> City18(Day 4)"
29,6,309.0,256.0,0.0,1,0.0,true,"City22(Day 3) -> City18(Day 4)"
29,7,484.0,625.0,0.0,1,0.0,true,"City4(Day 2) -> City22(Day 3) -> City18(Day 4)"
29,8,136.0,16.0,0.0,1,0.0,true,"City19(Day 3)"
29,9,237.0,225.0,0.0,1,0.0,true,"City16(Day 1) -> City18(Day 4)"
29,10,165.0,64.0,0.0,1,0.0,true,"City18(Day 4)"
29,11,154.0,49.0,0.0,1,0.0,true,"City16(Day 6)"
29,12,423.0,576.0,0.0,1,0.0,true,"City16(Day 0) -> City14(Day 1) -> City18(Day 4)"
30,1,165.0,64.0,0.0,1,0.0,true,"City18(Day 4)"
30,2,341.0,361.0,0.0,1,0.0,true,"City19(Day 0) -> City16(Day 3) -> City18(Day 4)"
30,3,405.0,576.0,0.0,1,0.0,true,"City4(Day 2) -> City16(Day 3) -> City18(Day 4)"
30,4,237.0,225.0,0.0,1,0.0,true,"City16(Day 1) -> City18(Day 4)"
30,5,384.0,529.0,0.0,1,0.0,true,"City16(Day 0) -> City18(Day 4) -> City22(Day 5)"
30,6,234.0,169.0,0.0,1,0.0,true,"City16(Day 0) -> City24(Day 3)"
30,7,309.0,256.0,0.0,1,0.0,true,"City22(Day 3) -> City18(Day 4)"
30,8,136.0,16.0,0.0,1,0.0,true,"City19(Day 3)"
30,9,346.0,441.0,0.0,1,0.0,true,"City16(Day 1) -> City24(Day 3) -> City18(Day 4)"
30,10,532.0,676.0,0.0,1,0.0,true,"City4(Day 2) -> City14(Day 3) -> City18(Day 4)"
30,11,484.0,625.0,0.0,1,0.0,true,"City4(Day 2) -> City22(Day 3) -> City18(Day 4)"
30,12,154.0,49.0,0.0,1,0.0,true,"City16(Day 6)"
31,1,136.0,16.0,0.0,1,0.0,true,"City19(Day 3)"
31,2,405.0,576.0,0.0,1,0.0,true,"City4(Day 2) -> City16(Day 3) -> City18(Day 4)"
31,3,532.0,676.0,0.0,1,0.0,true,"City4(Day 2) -> City14(Day 3) -> City18(Day 4)"
31,4,309.0,256.0,0.0,1,0.0,true,"City22(Day 3) -> City18(Day 4)"
31,5,237.0,225.0,0.0,1,0.0,true,"City16(Day 1) -> City18(Day 4)"
31,6,165.0,64.0,0.0,1,0.0,true,"City18(Day 4)"
31,7,341.0,361.0,0.0,1,0.0,true,"City19(Day 0) -> City16(Day 3) -> City18(Day 4)"
31,8,346.0,441.0,0.0,1,0.0,true,"City16(Day 1) -> City24(Day 3) -> City18(Day 4)"
31,9,154.0,49.0,0.0,1,0.0,true,"City16(Day 6)"
31,10,382.0,529.0,0.0,1,0.0,true,"City16(Day 1) -> City18(Day 4) -> City22(Day 5)"
31,11,234.0,169.0,0.0,1,0.0,true,"City16(Day 0) -> City24(Day 3)"
31,12,484.0,625.0,0.0,1,0.0,true,"City4(Day 2) -> City22(Day 3) -> City18(Day 4)"
32,1,234.0,169.0,0.0,1,0.0,true,"City16(Day 0) -> City24(Day 3)"
32,2,341.0,361.0,0.0,1,0.0,true,"City19(Day 0) -> City16(Day 3) -> City18(Day 4)"
32,3,476.0,625.0,0.0,1,0.0,true,"City14(Day 1) -> City22(Day 2) -> City18(Day 3)"
32,4,237.0,225.0,0.0,1,0.0,true,"City16(Day 1) -> City18(Day 4)"
32,5,136.0,16.0,0.0,1,0.0,true,"City19(Day 3)"
32,6,165.0,64.0,0.0,1,0.0,true,"City18(Day 4)"
32,7,154.0,49.0,0.0,1,0.0,true,"City16(Day 6)"
32,8,346.0,441.0,0.0,1,0.0,true,"City16(Day 1) -> City24(Day 3) -> City18(Day 4)"
32,9,532.0,676.0,0.0,1,0.0,true,"City4(Day 2) -> City14(Day 3) -> City18(Day 4)"
32,10,309.0,256.0,0.0,1,0.0,true,"City22(Day 3) -> City18(Day 4)"
32,11,405.0,576.0,0.0,1,0.0,true,"City4(Day 2) -> City16(Day 3) -> City18(Day 4)"
32,12,382.0,529.0,0.0,1,0.0,true,"City16(Day 1) -> City18(Day 4) -> City22(Day 5)"
33,1,154.0,49.0,0.0,1,0.0,true,"City16(Day 6)"
33,2,234.0,169.0,0.0,1,0.0,true,"City16(Day 0) -> City24(Day 3)"
33,3,382.0,529.0,0.0,1,0.0,true,"City16(Day 1) -> City18(Day 4) -> City22(Day 5)"
33,4,532.0,676.0,0.0,1,0.0,true,"City4(Day 2) -> City14(Day 3) -> City18(Day 4)"
33,5,346.0,441.0,0.0,1,0.0,true,"City16(Day 1) -> City24(Day 3) -> City18(Day 4)"
33,6,165.0,64.0,0.0,1,0.0,true,"City18(Day 4)"
33,7,341.0,361.0,0.0,1,0.0,true,"City19(Day 0) -> City16(Day 3) -> City18(Day 4)"
33,8,237.0,225.0,0.0,1,0.0,true,"City16(Day 1) -> City18(Day 4)"
33,9,405.0,576.0,0.0,1,0.0,true,"City4(Day 2) -> City16(Day 3) -> City18(Day 4)"
33,10,476.0,625.0,0.0,1,0.0,true,"City14(Day 1) -> City22(Day 2) -> City18(Day 3)"
33,11,136.0,16.0,0.0,1,0.0,true,"City19(Day 3)"
33,12,309.0,256.0,0.0,1,0.0,true,"City22(Day 3) -> City18(Day 4)"
34,1,341.0,361.0,0.0,1,0.0,true,"City19(Day 0) -> City16(Day 3) -> City18(Day 4)"
34,2,382.0,529.0,0.0,1,0.0,true,"City16(Day 1) -> City18(Day 4) -> City22(Day 5)"
34,3,136.0,16.0,0.0,1,0.0,true,"City19(Day 3)"
34,4,476.0,625.0,0.0,1,0.0,true,"City14(Day 1) -> City22(Day 2) -> City18(Day 3)"
34,5,165.0,64.0,0.0,1,0.0,true,"City18(Day 4)"
34,6,346.0,441.0,0.0,1,0.0,true,"City16(Day 1) -> City24(Day 3) -> City18(Day 4)"
34,7,309.0,256.0,0.0,1,0.0,true,"City22(Day 3) -> City18(Day 4)"
34,8,237.0,225.0,0.0,1,0.0,true,"City16(Day 1) -> City18(Day 4)"
34,9,154.0,49.0,0.0,1,0.0,true,"City16(Day 6)"
34,10,234.0,169.0,0.0,1,0.0,true,"City16(Day 0) -> City24(Day 3)"
34,11,405.0,576.0,0.0,1,0.0,true,"City4(Day 2) -> City16(Day 3) -> City18(Day 4)"
34,12,532.0,676.0,0.0,1,0.0,true,"City4(Day 2) -> City14(Day 3) -> City18(Day 4)"
35,1,382.0,529.0,0.0,1,0.0,true,"City16(Day 1) -> City18(Day 4) -> City22(Day 5)"
35,2,309.0,256.0,0.0,1,0.0,true,"City22(Day 3) -> City18(Day 4)"
35,3,341.0,361.0,0.0,1,0.0,true,"City19(Day 0) -> City16(Day 3) -> City18(Day 4)"
35,4,346.0,441.0,0.0,1,0.0,true,"City16(Day 1) -> City24(Day 3) -> City18(Day 4)"
35,5,237.0,225.0,0.0,1,0.0,true,"City16(Day 1) -> City18(Day 4)"
35,6,405.0,576.0,0.0,1,0.0,true,"City4(Day 2) -> City16(Day 3) -> City18(Day 4)"
35,7,532.0,676.0,0.0,1,0.0,true,"City4(Day 2) -> City14(Day 3) -> City18(Day 4)"
35,8,165.0,64.0,0.0,1,0.0,true,"City18(Day 4)"
35,9,476.0,625.0,0.0,1,0.0,true,"City14(Day 1) -> City22(Day 2) -> City18(Day 3)"
35,10,154.0,49.0,0.0,1,0.0,true,"City16(Day 6)"
35,11,232.0,169.0,0.0,1,0.0,true,"City16(Day 1) -> City24(Day 3)"
35,12,136.0,16.0,0.0,1,0.0,true,"City19(Day 3)"
36,1,165.0,64.0,0.0,1,0.0,true,"City18(Day 4)"
36,2,405.0,576.0,0.0,1,0.0,true,"City4(Day 2) -> City16(Day 3) -> City18(Day 4)"
36,3,341.0,361.0,0.0,1,0.0,true,"City19(Day 0) -> City16(Day 3) -> City18(Day 4)"
36,4,309.0,256.0,0.0,1,0.0,true,"City22(Day 3) -> City18(Day 4)"
36,5,346.0,441.0,0.0,1,0.0,true,"City16(Day 1) -> City24(Day 3) -> City18(Day 4)"
36,6,154.0,49.0,0.0,1,0.0,true,"City16(Day 6)"
36,7,237.0,225.0,0.0,1,0.0,true,"City16(Day 1) -> City18(Day 4)"
36,8,532.0,676.0,0.0,1,0.0,true,"City4(Day 2) -> City14(Day 3) -> City18(Day 4)"
36,9,382.0,529.0,0.0,1,0.0,true,"City16(Day 1) -> City18(Day 4) -> City22(Day 5)"
36,10,476.0,625.0,0.0,1,0.0,true,"City14(Day 1) -> City22(Day 2) -> City18(Day 3)"
36,11,232.0,169.0,0.0,1,0.0,true,"City16(Day 1) -> City24(Day 3)"
36,12,136.0,16.0,0.0,1,0.0,true,"City19(Day 3)"
37,1,405.0,576.0,0.0,1,0.0,true,"City4(Day 2) -> City16(Day 3) -> City18(Day 4)"
37,2,165.0,64.0,0.0,1,0.0,true,"City18(Day 4)"
37,3,232.0,169.0,0.0,1,0.0,true,"City16(Day 1) -> City24(Day 3)"
37,4,154.0,49.0,0.0,1,0.0,true,"City16(Day 6)"
37,5,309.0,256.0,0.0,1,0.0,true,"City22(Day 3) -> City18(Day 4)"
37,6,476.0,625.0,0.0,1,0.0,true,"City14(Day 1) -> City22(Day 2) -> City18(Day 3)"
37,7,532.0,676.0,0.0,1,0.0,true,"City4(Day 2) -> City14(Day 3) -> City18(Day 4)"
37,8,136.0,16.0,0.0,1,0.0,true,"City19(Day 3)"
37,9,346.0,441.0,0.0,1,0.0,true,"City16(Day 1) -> City24(Day 3) -> City18(Day 4)"
37,10,341.0,361.0,0.0,1,0.0,true,"City19(Day 0) -> City16(Day 3) -> City18(Day 4)"
37,11,382.0,529.0,0.0,1,0.0,true,"City16(Day 1) -> City18(Day 4) -> City22(Day 5)"
37,12,237.0,225.0,0.0,1,0.0,true,"City16(Day 1) -> City18(Day 4)"
38,1,136.0,16.0,0.0,1,0.0,true,"City19(Day 3)"
38,2,405.0,576.0,0.0,1,0.0,true,"City4(Day 2) -> City16(Day 3) -> City18(Day 4)"
38,3,382.0,529.0,0.0,1,0.0,true,"City16(Day 1) -> City18(Day 4) -> City22(Day 5)"
38,4,165.0,64.0,0.0,1,0.0,true,"City18(Day 4)"
38,5,346.0,441.0,0.0,1,0.0,true,"City16(Day 1) -> City24(Day 3) -> City18(Day 4)"
38,6,341.0,361.0,0.0,1,0.0,true,"City19(Day 0) -> City16(Day 3) -> City18(Day 4)"
38,7,476.0,625.0,0.0,1,0.0,true,"City14(Day 1) -> City22(Day 2) -> City18(Day 3)"
38,8,237.0,225.0,0.0,1,0.0,true,"City16(Day 1) -> City18(Day 4)"
38,9,154.0,49.0,0.0,1,0.0,true,"City16(Day 6)"
38,10,532.0,676.0,0.0,1,0.0,true,"City4(Day 2) -> City14(Day 3) -> City18(Day 4)"
38,11,309.0,256.0,0.0,1,0.0,true,"City22(Day 3) -> City18(Day 4)"
38,12,232.0,169.0,0.0,1,0.0,true,"City16(Day 1) -> City24(Day 3)"
39,1,136.0,16.0,0.0,1,0.0,true,"City19(Day 3)"
39,2,165.0,64.0,0.0,1,0.0,true,"City18(Day 4)"
39,3,532.0,676.0,0.0,1,0.0,true,"City4(Day 2) -> City14(Day 3) -> City18(Day 4)"
39,4,382.0,529.0,0.0,1,0.0,true,"City16(Day 1) -> City18(Day 4) -> City22(Day 5)"
39,5,232.0,169.0,0.0,1,0.0,true,"City16(Day 1) -> City24(Day 3)"
39,6,341.0,361.0,0.0,1,0.0,true,"City19(Day 0) -> City16(Day 3) -> City18(Day 4)"
39,7,476.0,625.0,0.0,1,0.0,true,"City14(Day 1) -> City22(Day 2) -> City18(Day 3)"
39,8,154.0,49.0,0.0,1,0.0,true,"City16(Day 6)"
39,9,405.0,576.0,0.0,1,0.0,true,"City4(Day 2) -> City16(Day 3) -> City18(Day 4)"
39,10,237.0,225.0,0.0,1,0.0,true,"City16(Day 1) -> City18(Day 4)"
39,11,346.0,441.0,0.0,1,0.0,true,"City16(Day 1) -> City24(Day 3) -> City18(Day 4)"
39,12,309.0,256.0,0.0,1,0.0,true,"City22(Day 3) -> City18(Day 4)"
40,1,165.0,64.0,0.0,1,0.0,true,"City18(Day 4)"
40,2,154.0,49.0,0.0,1,0.0,true,"City16(Day 6)"
40,3,382.0,529.0,0.0,1,0.0,true,"City16(Day 1) -> City18(Day 4) -> City22(Day 5)"
40,4,232.0,169.0,0.0,1,0.0,true,"City16(Day 1) -> City24(Day 3)"
40,5,309.0,256.0,0.0,1,0.0,true,"City22(Day 3) -> City18(Day 4)"
40,6,341.0,361.0,0.0,1,0.0,true,"City19(Day 0) -> City16(Day 3) -> City18(Day 4)"
40,7,532.0,676.0,0.0,1,0.0,true,"City4(Day 2) -> City14(Day 3) -> City18(Day 4)"
40,8,459.0,625.0,0.0,1,0.0,true,"City14(Day 1) -> City22(Day 2) -> City18(Day 4)"
40,9,237.0,225.0,0.0,1,0.0,true,"City16(Day 1) -> City18(Day 4)"
40,10,346.0,441.0,0.0,1,0.0,true,"City16(Day 1) -> City24(Day 3) -> City18(Day 4)"
40,11,405.0,576.0,0.0,1,0.0,true,"City4(Day 2) -> City16(Day 3) -> City18(Day 4)"
40,12,136.0,16.0,0.0,1,0.0,true,"City19(Day 3)"
41,1,382.0,529.0,0.0,1,0.0,true,"City16(Day 1) -> City18(Day 4) -> City22(Day 5)"
41,2,459.0,625.0,0.0,1,0.0,true,"City14(Day 1) -> City22(Day 2) -> City18(Day 4)"
41,3,346.0,441.0,0.0,1,0.0,true,"City16(Day 1) -> City24(Day 3) -> City18(Day 4)"
41,4,309.0,256.0,0.0,1,0.0,true,"City22(Day 3) -> City18(Day 4)"
41,5,532.0,676.0,0.0,1,0.0,true,"City4(Day 2) -> City14(Day 3) -> City18(Day 4)"
41,6,154.0,49.0,0.0,1,0.0,true,"City16(Day 6)"
41,7,405.0,576.0,0.0,1,0.0,true,"City4(Day 2) -> City16(Day 3) -> City18(Day 4)"
41,8,165.0,64.0,0.0,1,0.0,true,"City18(Day 4)"
41,9,136.0,16.0,0.0,1,0.0,true,"City19(Day 3)"
41,10,341.0,361.0,0.0,1,0.0,true,"City19(Day 0) -> City16(Day 3) -> City18(Day 4)"
41,11,237.0,225.0,0.0,1,0.0,true,"City16(Day 1) -> City18(Day 4)"
41,12,232.0,169.0,0.0,1,0.0,true,"City16(Day 1) -> City24(Day 3)"
42,1,346.0,441.0,0.0,1,0.0,true,"City16(Day 1) -> City24(Day 3) -> City18(Day 4)"
42,2,405.0,576.0,0.0,1,0.0,true,"City4(Day 2) -> City16(Day 3) -> City18(Day 4)"
42,3,459.0,625.0,0.0,1,0.0,true,"City14(Day 1) -> City22(Day 2) -> City18(Day 4)"
42,4,341.0,361.0,0.0,1,0.0,true,"City19(Day 0) -> City16(Day 3) -> City18(Day 4)"
42,5,136.0,16.0,0.0,1,0.0,true,"City19(Day 3)"
42,6,237.0,225.0,0.0,1,0.0,true,"City16(Day 1) -> City18(Day 4)"
42,7,232.0,169.0,0.0,1,0.0,true,"City16(Day 1) -> City24(Day 3)"
42,8,382.0,529.0,0.0,1,0.0,true,"City16(Day 1) -> City18(Day 4) -> City22(Day 5)"
42,9,165.0,64.0,0.0,1,0.0,true,"City18(Day 4)"
42,10,532.0,676.0,0.0,1,0.0,true,"City4(Day 2) -> City14(Day 3) -> City18(Day 4)"
42,11,309.0,256.0,0.0,1,0.0,true,"City22(Day 3) -> City18(Day 4)"
42,12,154.0,49.0,0.0,1,0.0,true,"City16(Day 6)"
43,1,154.0,49.0,0.0,1,0.0,true,"City16(Day 6)"
43,2,382.0,529.0,0.0,1,0.0,true,"City16(Day 1) -> City18(Day 4) -> City22(Day 5)"
43,3,309.0,256.0,0.0,1,0.0,true,"City22(Day 3) -> City18(Day 4)"
43,4,532.0,676.0,0.0,1,0.0,true,"City4(Day 2) -> City14(Day 3) -> City18(Day 4)"
43,5,459.0,625.0,0.0,1,0.0,true,"City14(Day 1) -> City22(Day 2) -> City18(Day 4)"
43,6,237.0,225.0,0.0,1,0.0,true,"City16(Day 1) -> City18(Day 4)"
43,7,136.0,16.0,0.0,1,0.0,true,"City19(Day 3)"
43,8,346.0,441.0,0.0,1,0.0,true,"City16(Day 1) -> City24(Day 3) -> City18(Day 4)"
43,9,405.0,576.0,0.0,1,0.0,true,"City4(Day 2) -> City16(Day 3) -> City18(Day 4)"
43,10,232.0,169.0,0.0,1,0.0,true,"City16(Day 1) -> City24(Day 3)"
43,11,341.0,361.0,0.0,1,0.0,true,"City19(Day 0) -> City16(Day 3) -> City18(Day 4)"
43,12,165.0,64.0,0.0,1,0.0,true,"City18(Day 4)"
44,1,309.0,256.0,0.0,1,0.0,true,"City22(Day 3) -> City18(Day 4)"
44,2,405.0,576.0,0.0,1,0.0,true,"City4(Day 2) -> City16(Day 3) -> City18(Day 4)"
44,3,459.0,625.0,0.0,1,0.0,true,"City14(Day 1) -> City22(Day 2) -> City18(Day 4)"
44,4,341.0,361.0,0.0,1,0.0,true,"City19(Day 0) -> City16(Day 3) -> City18(Day 4)"
44,5,136.0,16.0,0.0,1,0.0,true,"City19(Day 3)"
44,6,382.0,529.0,0.0,1,0.0,true,"City16(Day 1) -> City18(Day 4) -> City22(Day 5)"
44,7,165.0,64.0,0.0,1,0.0,true,"City18(Day 4)"
44,8,154.0,49.0,0.0,1,0.0,true,"City16(Day 6)"
44,9,232.0,169.0,0.0,1,0.0,true,"City16(Day 1) -> City24(Day 3)"
44,10,346.0,441.0,0.0,1,0.0,true,"City16(Day 1) -> City24(Day 3) -> City18(Day 4)"
44,11,532.0,676.0,0.0,1,0.0,true,"City4(Day 2) -> City14(Day 3) -> City18(Day 4)"
44,12,237.0,225.0,0.0,1,0.0,true,"City16(Day 1) -> City18(Day 4)"
45,1,532.0,676.0,0.0,1,0.0,true,"City4(Day 2) -> City14(Day 3) -> City18(Day 4)"
45,2,459.0,625.0,0.0,1,0.0,true,"City14(Day 1) -> City22(Day 2) -> City18(Day 4)"
45,3,346.0,441.0,0.0,1,0.0,true,"City16(Day 1) -> City24(Day 3) -> City18(Day 4)"
45,4,405.0,576.0,0.0,1,0.0,true,"City4(Day 2) -> City16(Day 3) -> City18(Day 4)"
45,5,165.0,64.0,0.0,1,0.0,true,"City18(Day 4)"
45,6,136.0,16.0,0.0,1,0.0,true,"City19(Day 3)"
45,7,237.0,225.0,0.0,1,0.0,true,"City16(Day 1) -> City18(Day 4)"
45,8,382.0,529.0,0.0,1,0.0,true,"City16(Day 1) -> City18(Day 4) -> City22(Day 5)"
45,9,309.0,256.0,0.0,1,0.0,true,"City22(Day 3) -> City18(Day 4)"
45,10,154.0,49.0,0.0,1,0.0,true,"City16(Day 6)"
45,11,232.0,169.0,0.0,1,0.0,true,"City16(Day 1) -> City24(Day 3)"
45,12,341.0,361.0,0.0,1,0.0,true,"City19(Day 0) -> City16(Day 3) -> City18(Day 4)"
46,1,346.0,441.0,0.0,1,0.0,true,"City16(Day 1) -> City24(Day 3) -> City18(Day 4)"
46,2,309.0,256.0,0.0,1,0.0,true,"City22(Day 3) -> City18(Day 4)"
46,3,165.0,64.0,0.0,1,0.0,true,"City18(Day 4)"
46,4,382.0,529.0,0.0,1,0.0,true,"City16(Day 1) -> City18(Day 4) -> City22(Day 5)"
46,5,341.0,361.0,0.0,1,0.0,true,"City19(Day 0) -> City16(Day 3) -> City18(Day 4)"
46,6,237.0,225.0,0.0,1,0.0,true,"City16(Day 1) -> City18(Day 4)"
46,7,532.0,676.0,0.0,1,0.0,true,"City4(Day 2) -> City14(Day 3) -> City18(Day 4)"
46,8,136.0,16.0,0.0,1,0.0,true,"City19(Day 3)"
46,9,154.0,49.0,0.0,1,0.0,true,"City16(Day 6)"
46,10,405.0,576.0,0.0,1,0.0,true,"City4(Day 2) -> City16(Day 3) -> City18(Day 4)"
46,11,232.0,169.0,0.0,1,0.0,true,"City16(Day 1) -> City24(Day 3)"
46,12,459.0,625.0,0.0,1,0.0,true,"City14(Day 1) -> City22(Day 2) -> City18(Day 4)"
47,1,459.0,625.0,0.0,1,0.0,true,"City14(Day 1) -> City22(Day 2) -> City18(Day 4)"
47,2,382.0,529.0,0.0,1,0.0,true,"City16(Day 1) -> City18(Day 4) -> City22(Day 5)"
47,3,237.0,225.0,0.0,1,0.0,true,"City16(Day 1) -> City18(Day 4)"
47,4,154.0,49.0,0.0,1,0.0,true,"City16(Day 6)"
47,5,405.0,576.0,0.0,1,0.0,true,"City4(Day 2) -> City16(Day 3) -> City18(Day 4)"
47,6,346.0,441.0,0.0,1,0.0,true,"City16(Day 1) -> City24(Day 3) -> City18(Day 4)"
47,7,341.0,361.0,0.0,1,0.0,true,"City19(Day 0) -> City16(Day 3) -> City18(Day 4)"
47,8,232.0,169.0,0.0,1,0.0,true,"City16(Day 1) -> City24(Day 3)"
47,9,532.0,676.0,0.0,1,0.0,true,"City4(Day 2) -> City14(Day 3) -> City18(Day 4)"
47,10,136.0,16.0,0.0,1,0.0,true,"City19(Day 3)"
47,11,309.0,256.0,0.0,1,0.0,true,"City22(Day 3) -> City18(Day 4)"
47,12,165.0,64.0,0.0,1,0.0,true,"City18(Day 4)"
48,1,405.0,576.0,0.0,1,0.0,true,"City4(Day 2) -> City16(Day 3) -> City18(Day 4)"
48,2,154.0,49.0,0.0,1,0.0,true,"City16(Day 6)"
48,3,165.0,64.0,0.0,1,0.0,true,"City18(Day 4)"
48,4,346.0,441.0,0.0,1,0.0,true,"City16(Day 1) -> City24(Day 3) -> City18(Day 4)"
48,5,532.0,676.0,0.0,1,0.0,true,"City4(Day 2) -> City14(Day 3) -> City18(Day 4)"
48,6,309.0,256.0,0.0,1,0.0,true,"City22(Day 3) -> City18(Day 4)"
48,7,382.0,529.0,0.0,1,0.0,true,"City16(Day 1) -> City18(Day 4) -> City22(Day 5)"
48,8,341.0,361.0,0.0,1,0.0,true,"City19(Day 0) -> City16(Day 3) -> City18(Day 4)"
48,9,136.0,16.0,0.0,1,0.0,true,"City19(Day 3)"
48,10,237.0,225.0,0.0,1,0.0,true,"City16(Day 1) -> City18(Day 4)"
48,11,232.0,169.0,0.0,1,0.0,true,"City16(Day 1) -> City24(Day 3)"
48,12,459.0,625.0,0.0,1,0.0,true,"City14(Day 1) -> City22(Day 2) -> City18(Day 4)"
49,1,165.0,64.0,0.0,1,0.0,true,"City18(Day 4)"
49,2,459.0,625.0,0.0,1,0.0,true,"City14(Day 1) -> City22(Day 2) -> City18(Day 4)"
49,3,309.0,256.0,0.0,1,0.0,true,"City22(Day 3) -> City18(Day 4)"
49,4,232.0,169.0,0.0,1,0.0,true,"City16(Day 1) -> City24(Day 3)"
49,5,532.0,676.0,0.0,1,0.0,true,"City4(Day 2) -> City14(Day 3) -> City18(Day 4)"
49,6,405.0,576.0,0.0,1,0.0,true,"City4(Day 2) -> City16(Day 3) -> City18(Day 4)"
49,7,237.0,225.0,0.0,1,0.0,true,"City16(Day 1) -> City18(Day 4)"
49,8,136.0,16.0,0.0,1,0.0,true,"City19(Day 3)"
49,9,346.0,441.0,0.0,1,0.0,true,"City16(Day 1) -> City24(Day 3) -> City18(Day 4)"
49,10,154.0,49.0,0.0,1,0.0,true,"City16(Day 6)"
49,11,341.0,361.0,0.0,1,0.0,true,"City19(Day 0) -> City16(Day 3) -> City18(Day 4)"
49,12,382.0,529.0,0.0,1,0.0,true,"City16(Day 1) -> City18(Day 4) -> City22(Day 5)"
50,1,341.0,361.0,0.0,1,0.0,true,"City19(Day 0) -> City16(Day 3) -> City18(Day 4)"
50,2,382.0,529.0,0.0,1,0.0,true,"City16(Day 1) -> City18(Day 4) -> City22(Day 5)"
50,3,232.0,169.0,0.0,1,0.0,true,"City16(Day 1) -> City24(Day 3)"
50,4,309.0,256.0,0.0,1,0.0,true,"City22(Day 3) -> City18(Day 4)"
50,5,346.0,441.0,0.0,1,0.0,true,"City16(Day 1) -> City24(Day 3) -> City18(Day 4)"
50,6,405.0,576.0,0.0,1,0.0,true,"City4(Day 2) -> City16(Day 3) -> City18(Day 4)"
50,7,136.0,16.0,0.0,1,0.0,true,"City19(Day 3)"
50,8,154.0,49.0,0.0,1,0.0,true,"City16(Day 6)"
50,9,165.0,64.0,0.0,1,0.0,true,"City18(Day 4)"
50,10,459.0,625.0,0.0,1,0.0,true,"City14(Day 1) -> City22(Day 2) -> City18(Day 4)"
50,11,532.0,676.0,0.0,1,0.0,true,"City4(Day 2) -> City14(Day 3) -> City18(Day 4)"
50,12,237.0,225.0,0.0,1,0.0,true,"City16(Day 1) -> City18(Day 4)"
51,1,165.0,64.0,0.0,1,0.0,true,"City18(Day 4)"
51,2,154.0,49.0,0.0,1,0.0,true,"City16(Day 6)"
51,3,136.0,16.0,0.0,1,0.0,true,"City19(Day 3)"
51,4,309.0,256.0,0.0,1,0.0,true,"City22(Day 3) -> City18(Day 4)"
51,5,232.0,169.0,0.0,1,0.0,true,"City16(Day 1) -> City24(Day 3)"
51,6,237.0,225.0,0.0,1,0.0,true,"City16(Day 1) -> City18(Day 4)"
51,7,459.0,625.0,0.0,1,0.0,true,"City14(Day 1) -> City22(Day 2) -> City18(Day 4)"
51,8,532.0,676.0,0.0,1,0.0,true,"City4(Day 2) -> City14(Day 3) -> City18(Day 4)"
51,9,382.0,529.0,0.0,1,0.0,true,"City16(Day 1) -> City18(Day 4) -> City22(Day 5)"
51,10,346.0,441.0,0.0,1,0.0,true,"City16(Day 1) -> City24(Day 3) -> City18(Day 4)"
51,11,341.0,361.0,0.0,1,0.0,true,"City19(Day 0) -> City16(Day 3) -> City18(Day 4)"
51,12,405.0,576.0,0.0,1,0.0,true,"City4(Day 2) -> City16(Day 3) -> City18(Day 4)"
52,1,154.0,49.0,0.0,1,0.0,true,"City16(Day 6)"
52,2,382.0,529.0,0.0,1,0.0,true,"City16(Day 1) -> City18(Day 4) -> City22(Day 5)"
52,3,136.0,16.0,0.0,1,0.0,true,"City19(Day 3)"
52,4,309.0,256.0,0.0,1,0.0,true,"City22(Day 3) -> City18(Day 4)"
52,5,165.0,64.0,0.0,1,0.0,true,"City18(Day 4)"
52,6,405.0,576.0,0.0,1,0.0,true,"City4(Day 2) -> City16(Day 3) -> City18(Day 4)"
52,7,532.0,676.0,0.0,1,0.0,true,"City4(Day 2) -> City14(Day 3) -> City18(Day 4)"
52,8,459.0,625.0,0.0,1,0.0,true,"City14(Day 1) -> City22(Day 2) -> City18(Day 4)"
52,9,341.0,361.0,0.0,1,0.0,true,"City19(Day 0) -> City16(Day 3) -> City18(Day 4)"
52,10,232.0,169.0,0.0,1,0.0,true,"City16(Day 1) -> City24(Day 3)"
52,11,237.0,225.0,0.0,1,0.0,true,"City16(Day 1) -> City18(Day 4)"
52,12,346.0,441.0,0.0,1,0.0,true,"City16(Day 1) -> City24(Day 3) -> City18(Day 4)"
53,1,154.0,49.0,0.0,1,0.0,true,"City16(Day 6)"
53,2,346.0,441.0,0.0,1,0.0,true,"City16(Day 1) -> City24(Day 3) -> City18(Day 4)"
53,3,382.0,529.0,0.0,1,0.0,true,"City16(Day 1) -> City18(Day 4) -> City22(Day 5)"
53,4,232.0,169.0,0.0,1,0.0,true,"City16(Day 1) -> City24(Day 3)"
53,5,309.0,256.0,0.0,1,0.0,true,"City22(Day 3) -> City18(Day 4)"
53,6,165.0,64.0,0.0,1,0.0,true,"City18(Day 4)"
53,7,532.0,676.0,0.0,1,0.0,true,"City4(Day 2) -> City14(Day 3) -> City18(Day 4)"
53,8,405.0,576.0,0.0,1,0.0,true,"City4(Day 2) -> City16(Day 3) -> City18(Day 4)"
53,9,136.0,16.0,0.0,1,0.0,true,"City19(Day 3)"
53,10,459.0,625.0,0.0,1,0.0,true,"City14(Day 1) -> City22(Day 2) -> City18(Day 4)"
53,11,237.0,225.0,0.0,1,0.0,true,"City16(Day 1) -> City18(Day 4)"
53,12,341.0,361.0,0.0,1,0.0,true,"City19(Day 0) -> City16(Day 3) -> City18(Day 4)"
54,1,382.0,529.0,0.0,1,0.0,true,"City16(Day 1) -> City18(Day 4) -> City22(Day 5)"
54,2,346.0,441.0,0.0,1,0.0,true,"City16(Day 1) -> City24(Day 3) -> City18(Day 4)"
54,3,237.0,225.0,0.0,1,0.0,true,"City16(Day 1) -> City18(Day 4)"
54,4,154.0,49.0,0.0,1,0.0,true,"City16(Day 6)"
54,5,532.0,676.0,0.0,1,0.0,true,"City4(Day 2) -> City14(Day 3) -> City18(Day 4)"
54,6,341.0,361.0,0.0,1,0.0,true,"City19(Day 0) -> City16(Day 3) -> City18(Day 4)"
54,7,459.0,625.0,0.0,1,0.0,true,"City14(Day 1) -> City22(Day 2) -> City18(Day 4)"
54,8,165.0,64.0,0.0,1,0.0,true,"City18(Day 4)"
54,9,232.0,169.0,0.0,1,0.0,true,"City16(Day 1) -> City24(Day 3)"
54,10,136.0,16.0,0.0,1,0.0,true,"City19(Day 3)"
54,11,309.0,256.0,0.0,1,0.0,true,"City22(Day 3) -> City18(Day 4)"
54,12,405.0,576.0,0.0,1,0.0,true,"City4(Day 2) -> City16(Day 3) -> City18(Day 4)"
55,1,136.0,16.0,0.0,1,0.0,true,"City19(Day 3)"
55,2,309.0,256.0,0.0,1,0.0,true,"City22(Day 3) -> City18(Day 4)"
55,3,405.0,576.0,0.0,1,0.0,true,"City4(Day 2) -> City16(Day 3) -> City18(Day 4)"
55,4,154.0,49.0,0.0,1,0.0,true,"City16(Day 6)"
55,5,341.0,361.0,0.0,1,0.0,true,"City19(Day 0) -> City16(Day 3) -> City18(Day 4)"
55,6,346.0,441.0,0.0,1,0.0,true,"City16(Day 1) -> City24(Day 3) -> City18(Day 4)"
55,7,232.0,169.0,0.0,1,0.0,true,"City16(Day 1) -> City24(Day 3)"
55,8,532.0,676.0,0.0,1,0.0,true,"City4(Day 2) -> City14(Day 3) -> City18(Day 4)"
55,9,459.0,625.0,0.0,1,0.0,true,"City14(Day 1) -> City22(Day 2) -> City18(Day 4)"
55,10,237.0,225.0,0.0,1,0.0,true,"City16(Day 1) -> City18(Day 4)"
55,11,165.0,64.0,0.0,1,0.0,true,"City18(Day 4)"
55,12,382.0,529.0,0.0,1,0.0,true,"City16(Day 1) -> City18(Day 4) -> City22(Day 5)"
56,1,232.0,169.0,0.0,1,0.0,true,"City16(Day 1) -> City24(Day 3)"
56,2,341.0,361.0,0.0,1,0.0,true,"City19(Day 0) -> City16(Day 3) -> City18(Day 4)"
56,3,382.0,529.0,0.0,1,0.0,true,"City16(Day 1) -> City18(Day 4) -> City22(Day 5)"
56,4,532.0,676.0,0.0,1,0.0,true,"City4(Day 2) -> City14(Day 3) -> City18(Day 4)"
56,5,165.0,64.0,0.0,1,0.0,true,"City18(Day 4)"
56,6,237.0,225.0,0.0,1,0.0,true,"City16(Day 1) -> City18(Day 4)"
56,7,309.0,256.0,0.0,1,0.0,true,"City22(Day 3) -> City18(Day 4)"
56,8,346.0,441.0,0.0,1,0.0,true,"City16(Day 1) -> City24(Day 3) -> City18(Day 4)"
56,9,459.0,625.0,0.0,1,0.0,true,"City14(Day 1) -> City22(Day 2) -> City18(Day 4)"
56,10,405.0,576.0,0.0,1,0.0,true,"City4(Day 2) -> City16(Day 3) -> City18(Day 4)"
56,11,154.0,49.0,0.0,1,0.0,true,"City16(Day 6)"
56,12,136.0,16.0,0.0,1,0.0,true,"City19(Day 3)"
57,1,532.0,676.0,0.0,1,0.0,true,"City4(Day 2) -> City14(Day 3) -> City18(Day 4)"
57,2,136.0,16.0,0.0,1,0.0,true,"City19(Day 3)"
57,3,341.0,361.0,0.0,1,0.0,true,"City19(Day 0) -> City16(Day 3) -> City18(Day 4)"
57,4,232.0,169.0,0.0,1,0.0,true,"City16(Day 1) -> City24(Day 3)"
57,5,382.0,529.0,0.0,1,0.0,true,"City16(Day 1) -> City18(Day 4) -> City22(Day 5)"
57,6,165.0,64.0,0.0,1,0.0,true,"City18(Day 4)"
57,7,237.0,225.0,0.0,1,0.0,true,"City16(Day 1) -> City18(Day 4)"
57,8,154.0,49.0,0.0,1,0.0,true,"City16(Day 6)"
57,9,309.0,256.0,0.0,1,0.0,true,"City22(Day 3) -> City18(Day 4)"
57,10,346.0,441.0,0.0,1,0.0,true,"City16(Day 1) -> City24(Day 3) -> City18(Day 4)"
57,11,405.0,576.0,0.0,1,0.0,true,"City4(Day 2) -> City16(Day 3) -> City18(Day 4)"
57,12,459.0,625.0,0.0,1,0.0,true,"City14(Day 1) -> City22(Day 2) -> City18(Day 4)"
58,1,341.0,361.0,0.0,1,0.0,true,"City19(Day 0) -> City16(Day 3) -> City18(Day 4)"
58,2,532.0,676.0,0.0,1,0.0,true,"City4(Day 2) -> City14(Day 3) -> City18(Day 4)"
58,3,237.0,225.0,0.0,1,0.0,true,"City16(Day 1) -> City18(Day 4)"
58,4,154.0,49.0,0.0,1,0.0,true,"City16(Day 6)"
58,5,165.0,64.0,0.0,1,0.0,true,"City18(Day 4)"
58,6,346.0,441.0,0.0,1,0.0,true,"City16(Day 1) -> City24(Day 3) -> City18(Day 4)"
58,7,459.0,625.0,0.0,1,0.0,true,"City14(Day 1) -> City22(Day 2) -> City18(Day 4)"
58,8,382.0,529.0,0.0,1,0.0,true,"City16(Day 1) -> City18(Day 4) -> City22(Day 5)"
58,9,136.0,16.0,0.0,1,0.0,true,"City19(Day 3)"
58,10,405.0,576.0,0.0,1,0.0,true,"City4(Day 2) -> City16(Day 3) -> City18(Day 4)"
58,11,232.0,169.0,0.0,1,0.0,true,"City16(Day 1) -> City24(Day 3)"
58,12,309.0,256.0,0.0,1,0.0,true,"City22(Day 3) -> City18(Day 4)"
59,1,346.0,441.0,0.0,1,0.0,true,"City16(Day 1) -> City24(Day 3) -> City18(Day 4)"
59,2,232.0,169.0,0.0,1,0.0,true,"City16(Day 1) -> City24(Day 3)"
59,3,165.0,64.0,0.0,1,0.0,true,"City18(Day 4)"
59,4,382.0,529.0,0.0,1,0.0,true,"City16(Day 1) -> City18(Day 4) -> City22(Day 5)"
59,5,532.0,676.0,0.0,1,0.0,true,"City4(Day 2) -> City14(Day 3) -> City18(Day 4)"
59,6,309.0,256.0,0.0,1,0.0,true,"City22(Day 3) -> City18(Day 4)"
59,7,136.0,16.0,0.0,1,0.0,true,"City19(Day 3)"
59,8,405.0,576.0,0.0,1,0.0,true,"City4(Day 2) -> City16(Day 3) -> City18(Day 4)"
59,9,341.0,361.0,0.0,1,0.0,true,"City19(Day 0) -> City16(Day 3) -> City18(Day 4)"
59,10,237.0,225.0,0.0,1,0.0,true,"City16(Day 1) -> City18(Day 4)"
59,11,459.0,625.0,0.0,1,0.0,true,"City14(Day 1) -> City22(Day 2) -> City18(Day 4)"
59,12,154.0,49.0,0.0,1,0.0,true,"City16(Day 6)"
60,1,382.0,529.0,0.0,1,0.0,true,"City16(Day 1) -> City18(Day 4) -> City22(Day 5)"
60,2,237.0,225.0,0.0,1,0.0,true,"City16(Day 1) -> City18(Day 4)"
60,3,232.0,169.0,0.0,1,0.0,true,"City16(Day 1) -> City24(Day 3)"
60,4,154.0,49.0,0.0,1,0.0,true,"City16(Day 6)"
60,5,165.0,64.0,0.0,1,0.0,true,"City18(Day 4)"
60,6,346.0,441.0,0.0,1,0.0,true,"City16(Day 1) -> City24(Day 3) -> City18(Day 4)"
60,7,532.0,676.0,0.0,1,0.0,true,"City4(Day 2) -> City14(Day 3) -> City18(Day 4)"
60,8,459.0,625.0,0.0,1,0.0,true,"City14(Day 1) -> City22(Day 2) -> City18(Day 4)"
60,9,405.0,576.0,0.0,1,0.0,true,"City4(Day 2) -> City16(Day 3) -> City18(Day 4)"
60,10,341.0,361.0,0.0,1,0.0,true,"City19(Day 0) -> City16(Day 3) -> City18(Day 4)"
60,11,136.0,16.0,0.0,1,0.0,true,"City19(Day 3)"
60,12,309.0,256.0,0.0,1,0.0,true,"City22(Day 3) -> City18(Day 4)"
61,1,382.0,529.0,0.0,1,0.0,true,"City16(Day 1) -> City18(Day 4) -> City22(Day 5)"
61,2,154.0,49.0,0.0,1,0.0,true,"City16(Day 6)"
61,3,232.0,169.0,0.0,1,0.0,true,"City16(Day 1) -> City24(Day 3)"
61,4,237.0,225.0,0.0,1,0.0,true,"City16(Day 1) -> City18(Day 4)"
61,5,405.0,576.0,0.0,1,0.0,true,"City4(Day 2) -> City16(Day 3) -> City18(Day 4)"
61,6,309.0,256.0,0.0,1,0.0,true,"City22(Day 3) -> City18(Day 4)"
61,7,165.0,64.0,0.0,1,0.0,true,"City18(Day 4)"
61,8,459.0,625.0,0.0,1,0.0,true,"City14(Day 1) -> City22(Day 2) -> City18(Day 4)"
61,9,346.0,441.0,0.0,1,0.0,true,"City16(Day 1) -> City24(Day 3) -> City18(Day 4)"
61,10,341.0,361.0,0.0,1,0.0,true,"City19(Day 0) -> City16(Day 3) -> City18(Day 4)"
61,11,136.0,16.0,0.0,1,0.0,true,"City19(Day 3)"
61,12,532.0,676.0,0.0,1,0.0,true,"City4(Day 2) -> City14(Day 3) -> City18(Day 4)"
62,1,237.0,225.0,0.0,1,0.0,true,"City16(Day 1) -> City18(Day 4)"
62,2,346.0,441.0,0.0,1,0.0,true,"City16(Day 1) -> City24(Day 3) -> City18(Day 4)"
62,3,341.0,361.0,0.0,1,0.0,true,"City19(Day 0) -> City16(Day 3) -> City18(Day 4)"
62,4,532.0,676.0,0.0,1,0.0,true,"City4(Day 2) -> City14(Day 3) -> City18(Day 4)"
62,5,309.0,256.0,0.0,1,0.0,true,"City22(Day 3) -> City18(Day 4)"
62,6,165.0,64.0,0.0,1,0.0,true,"City18(Day 4)"
62,7,136.0,16.0,0.0,1,0.0,true,"City19(Day 3)"
62,8,405.0,576.0,0.0,1,0.0,true,"City4(Day 2) -> City16(Day 3) -> City18(Day 4)"
62,9,232.0,169.0,0.0,1,0.0,true,"City16(Day 1) -> City24(Day 3)"
62,10,459.0,625.0,0.0,1,0.0,true,"City14(Day 1) -> City22(Day 2) -> City18(Day 4)"
62,11,154.0,49.0,0.0,1,0.0,true,"City16(Day 6)"
62,12,382.0,529.0,0.0,1,0.0,true,"City16(Day 1) -> City18(Day 4) -> City22(Day 5)"
63,1,405.0,576.0,0.0,1,0.0,true,"City4(Day 2) -> City16(Day 3) -> City18(Day 4)"
63,2,165.0,64.0,0.0,1,0.0,true,"City18(Day 4)"
63,3,346.0,441.0,0.0,1,0.0,true,"City16(Day 1) -> City24(Day 3) -> City18(Day 4)"
63,4,382.0,529.0,0.0,1,0.0,true,"City16(Day 1) -> City18(Day 4) -> City22(Day 5)"
63,5,309.0,256.0,0.0,1,0.0,true,"City22(Day 3) -> City18(Day 4)"
63,6,232.0,169.0,0.0,1,0.0,true,"City16(Day 1) -> City24(Day 3)"
63,7,341.0,361.0,0.0,1,0.0,true,"City19(Day 0) -> City16(Day 3) -> City18(Day 4)"
63,8,459.0,625.0,0.0,1,0.0,true,"City14(Day 1) -> City22(Day 2) -> City18(Day 4)"
63,9,154.0,49.0,0.0,1,0.0,true,"City16(Day 6)"
63,10,532.0,676.0,0.0,1,0.0,true,"City4(Day 2) -> City14(Day 3) -> City18(Day 4)"
63,11,136.0,16.0,0.0,1,0.0,true,"City19(Day 3)"
63,12,237.0,225.0,0.0,1,0.0,true,"City16(Day 1) -> City18(Day 4)"
64,1,346.0,441.0,0.0,1,0.0,true,"City16(Day 1) -> City24(Day 3) -> City18(Day 4)"
64,2,309.0,256.0,0.0,1,0.0,true,"City22(Day 3) -> City18(Day 4)"
64,3,341.0,361.0,0.0,1,0.0,true,"City19(Day 0) -> City16(Day 3) -> City18(Day 4)"
64,4,232.0,169.0,0.0,1,0.0,true,"City16(Day 1) -> City24(Day 3)"
64,5,405.0,576.0,0.0,1,0.0,true,"City4(Day 2) -> City16(Day 3) -> City18(Day 4)"
64,6,459.0,625.0,0.0,1,0.0,true,"City14(Day 1) -> City22(Day 2) -> City18(Day 4)"
64,7,136.0,16.0,0.0,1,0.0,true,"City19(Day 3)"
64,8,165.0,64.0,0.0,1,0.0,true,"City18(Day 4)"
64,9,237.0,225.0,0.0,1,0.0,true,"City16(Day 1) -> City18(Day 4)"
64,10,154.0,49.0,0.0,1,0.0,true,"City16(Day 6)"
64,11,382.0,529.0,0.0,1,0.0,true,"City16(Day 1) -> City18(Day 4) -> City22(Day 5)"
64,12,532.0,676.0,0.0,1,0.0,true,"City4(Day 2) -> City14(Day 3) -> City18(Day 4)"
65,1,341.0,361.0,0.0,1,0.0,true,"City19(Day 0) -> City16(Day 3) -> City18(Day 4)"
65,2,459.0,625.0,0.0,1,0.0,true,"City14(Day 1) -> City22(Day 2) -> City18(Day 4)"
65,3,309.0,256.0,0.0,1,0.0,true,"City22(Day 3) -> City18(Day 4)"
65,4,136.0,16.0,0.0,1,0.0,true,"City19(Day 3)"
65,5,232.0,169.0,0.0,1,0.0,true,"City16(Day 1) -> City24(Day 3)"
65,6,154.0,49.0,0.0,1,0.0,true,"City16(Day 6)"
65,7,165.0,64.0,0.0,1,0.0,true,"City18(Day 4)"
65,8,405.0,576.0,0.0,1,0.0,true,"City4(Day 2) -> City16(Day 3) -> City18(Day 4)"
65,9,382.0,529.0,0.0,1,0.0,true,"City16(Day 1) -> City18(Day 4) -> City22(Day 5)"
65,10,346.0,441.0,0.0,1,0.0,true,"City16(Day 1) -> City24(Day 3) -> City18(Day 4)"
65,11,237.0,225.0,0.0,1,0.0,true,"City16(Day 1) -> City18(Day 4)"
65,12,532.0,676.0,0.0,1,0.0,true,"City4(Day 2) -> City14(Day 3) -> City18(Day 4)"
66,1,346.0,441.0,0.0,1,0.0,true,"City16(Day 1) -> City24(Day 3) -> City18(Day 4)"
66,2,309.0,256.0,0.0,1,0.0,true,"City22(Day 3) -> City18(Day 4)"
66,3,165.0,64.0,0.0,1,0.0,true,"City18(Day 4)"
66,4,136.0,16.0,0.0,1,0.0,true,"City19(Day 3)"
66,5,459.0,625.0,0.0,1,0.0,true,"City14(Day 1) -> City22(Day 2) -> City18(Day 4)"
66,6,405.0,576.0,0.0,1,0.0,true,"City4(Day 2) -> City16(Day 3) -> City18(Day 4)"
66,7,341.0,361.0,0.0,1,0.0,true,"City19(Day 0) -> City16(Day 3) -> City18(Day 4)"
66,8,532.0,676.0,0.0,1,0.0,true,"City4(Day 2) -> City14(Day 3) -> City18(Day 4)"
66,9,382.0,529.0,0.0,1,0.0,true,"City16(Day 1) -> City18(Day 4) -> City22(Day 5)"
66,10,232.0,169.0,0.0,1,0.0,true,"City16(Day 1) -> City24(Day 3)"
66,11,154.0,49.0,0.0,1,0.0,true,"City16(Day 6)"
66,12,237.0,225.0,0.0,1,0.0,true,"City16(Day 1) -> City18(Day 4)"
67,1,459.0,625.0,0.0,1,0.0,true,"City14(Day 1) -> City22(Day 2) -> City18(Day 4)"
67,2,232.0,169.0,0.0,1,0.0,true,"City16(Day 1) -> City24(Day 3)"
67,3,346.0,441.0,0.0,1,0.0,true,"City16(Day 1) -> City24(Day 3) -> City18(Day 4)"
67,4,165.0,64.0,0.0,1,0.0,true,"City18(Day 4)"
67,5,382.0,529.0,0.0,1,0.0,true,"City16(Day 1) -> City18(Day 4) -> City22(Day 5)"
67,6,309.0,256.0,0.0,1,0.0,true,"City22(Day 3) -> City18(Day 4)"
67,7,237.0,225.0,0.0,1,0.0,true,"City16(Day 1) -> City18(Day 4)"
67,8,532.0,676.0,0.0,1,0.0,true,"City4(Day 2) -> City14(Day 3) -> City18(Day 4)"
67,9,136.0,16.0,0.0,1,0.0,true,"City19(Day 3)"
67,10,154.0,49.0,0.0,1,0.0,true,"City16(Day 6)"
67,11,341.0,361.0,0.0,1,0.0,true,"City19(Day 0) -> City16(Day 3) -> City18(Day 4)"
67,12,405.0,576.0,0.0,1,0.0,true,"City4(Day 2) -> City16(Day 3) -> City18(Day 4)"
68,1,154.0,49.0,0.0,1,0.0,true,"City16(Day 6)"
68,2,346.0,441.0,0.0,1,0.0,true,"City16(Day 1) -> City24(Day 3) -> City18(Day 4)"
68,3,382.0,529.0,0.0,1,0.0,true,"City16(Day 1) -> City18(Day 4) -> City22(Day 5)"
68,4,237.0,225.0,0.0,1,0.0,true,"City16(Day 1) -> City18(Day 4)"
68,5,309.0,256.0,0.0,1,0.0,true,"City22(Day 3) -> City18(Day 4)"
68,6,459.0,625.0,0.0,1,0.0,true,"City14(Day 1) -> City22(Day 2) -> City18(Day 4)"
68,7,136.0,16.0,0.0,1,0.0,true,"City19(Day 3)"
68,8,532.0,676.0,0.0,1,0.0,true,"City4(Day 2) -> City14(Day 3) -> City18(Day 4)"
68,9,232.0,169.0,0.0,1,0.0,true,"City16(Day 1) -> City24(Day 3)"
68,10,405.0,576.0,0.0,1,0.0,true,"City4(Day 2) -> City16(Day 3) -> City18(Day 4)"
68,11,165.0,64.0,0.0,1,0.0,true,"City18(Day 4)"
68,12,341.0,361.0,0.0,1,0.0,true,"City19(Day 0) -> City16(Day 3) -> City18(Day 4)"
69,1,346.0,441.0,0.0,1,0.0,true,"City16(Day 1) -> City24(Day 3) -> City18(Day 4)"
69,2,532.0,676.0,0.0,1,0.0,true,"City4(Day 2) -> City14(Day 3) -> City18(Day 4)"
69,3,459.0,625.0,0.0,1,0.0,true,"City14(Day 1) -> City22(Day 2) -> City18(Day 4)"
69,4,136.0,16.0,0.0,1,0.0,true,"City19(Day 3)"
69,5,237.0,225.0,0.0,1,0.0,true,"City16(Day 1) -> City18(Day 4)"
69,6,165.0,64.0,0.0,1,0.0,true,"City18(Day 4)"
69,7,232.0,169.0,0.0,1,0.0,true,"City16(Day 1) -> City24(Day 3)"
69,8,382.0,529.0,0.0,1,0.0,true,"City16(Day 1) -> City18(Day 4) -> City22(Day 5)"
69,9,154.0,49.0,0.0,1,0.0,true,"City16(Day 6)"
69,10,405.0,576.0,0.0,1,0.0,true,"City4(Day 2) -> City16(Day 3) -> City18(Day 4)"
69,11,309.0,256.0,0.0,1,0.0,true,"City22(Day 3) -> City18(Day 4)"
69,12,341.0,361.0,0.0,1,0.0,true,"City19(Day 0) -> City16(Day 3) -> City18(Day 4)"
70,1,405.0,576.0,0.0,1,0.0,true,"City4(Day 2) -> City16(Day 3) -> City18(Day 4)"
70,2,382.0,529.0,0.0,1,0.0,true,"City16(Day 1) -> City18(Day 4) -> City22(Day 5)"
70,3,154.0,49.0,0.0,1,0.0,true,"City16(Day 6)"
70,4,165.0,64.0,0.0,1,0.0,true,"City18(Day 4)"
70,5,136.0,16.0,0.0,1,0.0,true,"City19(Day 3)"
70,6,232.0,169.0,0.0,1,0.0,true,"City16(Day 1) -> City24(Day 3)"
70,7,309.0,256.0,0.0,1,0.0,true,"City22(Day 3) -> City18(Day 4)"
70,8,532.0,676.0,0.0,1,0.0,true,"City4(Day 2) -> City14(Day 3) -> City18(Day 4)"
70,9,459.0,625.0,0.0,1,0.0,true,"City14(Day 1) -> City22(Day 2) -> City18(Day 4)"
70,10,346.0,441.0,0.0,1,0.0,true,"City16(Day 1) -> City24(Day 3) -> City18(Day 4)"
70,11,341.0,361.0,0.0,1,0.0,true,"City19(Day 0) -> City16(Day 3) -> City18(Day 4)"
70,12,237.0,225.0,0.0,1,0.0,true,"City16(Day 1) -> City18(Day 4)"
71,1,136.0,16.0,0.0,1,0.0,true,"City19(Day 3)"
71,2,232.0,169.0,0.0,1,0.0,true,"City16(Day 1) -> City24(Day 3)"
71,3,165.0,64.0,0.0,1,0.0,true,"City18(Day 4)"
71,4,532.0,676.0,0.0,1,0.0,true,"City4(Day 2) -> City14(Day 3) -> City18(Day 4)"
71,5,309.0,256.0,0.0,1,0.0,true,"City22(Day 3) -> City18(Day 4)"
71,6,405.0,576.0,0.0,1,0.0,true,"City4(Day 2) -> City16(Day 3) -> City18(Day 4)"
71,7,382.0,529.0,0.0,1,0.0,true,"City16(Day 1) -> City18(Day 4) -> City22(Day 5)"
71,8,237.0,225.0,0.0,1,0.0,true,"City16(Day 1) -> City18(Day 4)"
71,9,459.0,625.0,0.0,1,0.0,true,"City14(Day 1) -> City22(Day 2) -> City18(Day 4)"
71,10,346.0,441.0,0.0,1,0.0,true,"City16(Day 1) -> City24(Day 3) -> City18(Day 4)"
71,11,154.0,49.0,0.0,1,0.0,true,"City16(Day 6)"
71,12,341.0,361.0,0.0,1,0.0,true,"City19(Day 0) -> City16(Day 3) -> City18(Day 4)"
72,1,341.0,361.0,0.0,1,0.0,true,"City19(Day 0) -> City16(Day 3) -> City18(Day 4)"
72,2,237.0,225.0,0.0,1,0.0,true,"City16(Day 1) -> City18(Day 4)"
72,3,165.0,64.0,0.0,1,0.0,true,"City18(Day 4)"
72,4,232.0,169.0,0.0,1,0.0,true,"City16(Day 1) -> City24(Day 3)"
72,5,405.0,576.0,0.0,1,0.0,true,"City4(Day 2) -> City16(Day 3) -> City18(Day 4)"
72,6,309.0,256.0,0.0,1,0.0,true,"City22(Day 3) -> City18(Day 4)"
72,7,459.0,625.0,0.0,1,0.0,true,"City14(Day 1) -> City22(Day 2) -> City18(Day 4)"
72,8,532.0,676.0,0.0,1,0.0,true,"City4(Day 2) -> City14(Day 3) -> City18(Day 4)"
72,9,382.0,529.0,0.0,1,0.0,true,"City16(Day 1) -> City18(Day 4) -> City22(Day 5)"
72,10,136.0,16.0,0.0,1,0.0,true,"City19(Day 3)"
72,11,154.0,49.0,0.0,1,0.0,true,"City16(Day 6)"
72,12,346.0,441.0,0.0,1,0.0,true,"City16(Day 1) -> City24(Day 3) -> City18(Day 4)"
73,1,136.0,16.0,0.0,1,0.0,true,"City19(Day 3)"
73,2,341.0,361.0,0.0,1,0.0,true,"City19(Day 0) -> City16(Day 3) -> City18(Day 4)"
73,3,532.0,676.0,0.0,1,0.0,true,"City4(Day 2) -> City14(Day 3) -> City18(Day 4)"
73,4,405.0,576.0,0.0,1,0.0,true,"City4(Day 2) -> City16(Day 3) -> City18(Day 4)"
73,5,237.0,225.0,0.0,1,0.0,true,"City16(Day 1) -> City18(Day 4)"
73,6,232.0,169.0,0.0,1,0.0,true,"City16(Day 1) -> City24(Day 3)"
73,7,309.0,256.0,0.0,1,0.0,true,"City22(Day 3) -> City18(Day 4)"
73,8,346.0,441.0,0.0,1,0.0,true,"City16(Day 1) -> City24(Day 3) -> City18(Day 4)"
73,9,382.0,529.0,0.0,1,0.0,true,"City16(Day 1) -> City18(Day 4) -> City22(Day 5)"
73,10,154.0,49.0,0.0,1,0.0,true,"City16(Day 6)"
73,11,459.0,625.0,0.0,1,0.0,true,"City14(Day 1) -> City22(Day 2) -> City18(Day 4)"
73,12,165.0,64.0,0.0,1,0.0,true,"City18(Day 4)"
74,1,165.0,64.0,0.0,1,0.0,true,"City18(Day 4)"
74,2,232.0,169.0,0.0,1,0.0,true,"City16(Day 1) -> City24(Day 3)"
74,3,532.0,676.0,0.0,1,0.0,true,"City4(Day 2) -> City14(Day 3) -> City18(Day 4)"
74,4,136.0,16.0,0.0,1,0.0,true,"City19(Day 3)"
74,5,382.0,529.0,0.0,1,0.0,true,"City16(Day 1) -> City18(Day 4) -> City22(Day 5)"
74,6,341.0,361.0,0.0,1,0.0,true,"City19(Day 0) -> City16(Day 3) -> City18(Day 4)"
74,7,309.0,256.0,0.0,1,0.0,true,"City22(Day 3) -> City18(Day 4)"
74,8,459.0,625.0,0.0,1,0.0,true,"City14(Day 1) -> City22(Day 2) -> City18(Day 4)"
74,9,346.0,441.0,0.0,1,0.0,true,"City16(Day 1) -> City24(Day 3) -> City18(Day 4)"
74,10,405.0,576.0,0.0,1,0.0,true,"City4(Day 2) -> City16(Day 3) -> City18(Day 4)"
74,11,237.0,225.0,0.0,1,0.0,true,"City16(Day 1) -> City18(Day 4)"
74,12,154.0,49.0,0.0,1,0.0,true,"City16(Day 6)"
75,1,346.0,441.0,0.0,1,0.0,true,"City16(Day 1) -> City24(Day 3) -> City18(Day 4)"
75,2,232.0,169.0,0.0,1,0.0,true,"City16(Day 1) -> City24(Day 3)"
75,3,532.0,676.0,0.0,1,0.0,true,"City4(Day 2) -> City14(Day 3) -> City18(Day 4)"
75,4,154.0,49.0,0.0,1,0.0,true,"City16(Day 6)"
75,5,136.0,16.0,0.0,1,0.0,true,"City19(Day 3)"
75,6,341.0,361.0,0.0,1,0.0,true,"City19(Day 0) -> City16(Day 3) -> City18(Day 4)"
75,7,165.0,64.0,0.0,1,0.0,true,"City18(Day 4)"
75,8,405.0,576.0,0.0,1,0.0,true,"City4(Day 2) -> City16(Day 3) -> City18(Day 4)"
75,9,309.0,256.0,0.0,1,0.0,true,"City22(Day 3) -> City18(Day 4)"
75,10,237.0,225.0,0.0,1,0.0,true,"City16(Day 1) -> City18(Day 4)"
75,11,382.0,529.0,0.0,1,0.0,true,"City16(Day 1) -> City18(Day 4) -> City22(Day 5)"
75,12,459.0,625.0,0.0,1,0.0,true,"City14(Day 1) -> City22(Day 2) -> City18(Day 4)"
76,1,405.0,576.0,0.0,1,0.0,true,"City4(Day 2) -> City16(Day 3) -> City18(Day 4)"
76,2,346.0,441.0,0.0,1,0.0,true,"City16(Day 1) -> City24(Day 3) -> City18(Day 4)"
76,3,341.0,361.0,0.0,1,0.0,true,"City19(Day 0) -> City16(Day 3) -> City18(Day 4)"
76,4,309.0,256.0,0.0,1,0.0,true,"City22(Day 3) -> City18(Day 4)"
76,5,154.0,49.0,0.0,1,0.0,true,"City16(Day 6)"
76,6,232.0,169.0,0.0,1,0.0,true,"City16(Day 1) -> City24(Day 3)"
76,7,459.0,625.0,0.0,1,0.0,true,"City14(Day 1) -> City22(Day 2) -> City18(Day 4)"
76,8,136.0,16.0,0.0,1,0.0,true,"City19(Day 3)"
76,9,237.0,225.0,0.0,1,0.0,true,"City16(Day 1) -> City18(Day 4)"
76,10,165.0,64.0,0.0,1,0.0,true,"City18(Day 4)"
76,11,382.0,529.0,0.0,1,0.0,true,"City16(Day 1) -> City18(Day 4) -> City22(Day 5)"
76,12,532.0,676.0,0.0,1,0.0,true,"City4(Day 2) -> City14(Day 3) -> City18(Day 4)"
77,1,232.0,169.0,0.0,1,0.0,true,"City16(Day 1) -> City24(Day 3)"
77,2,136.0,16.0,0.0,1,0.0,true,"City19(Day 3)"
77,3,531.0,676.0,0.0,1,0.0,true,"City4(Day 1) -> City14(Day 2) -> City18(Day 4)"
77,4,405.0,576.0,0.0,1,0.0,true,"City4(Day 2) -> City16(Day 3) -> City18(Day 4)"
77,5,382.0,529.0,0.0,1,0.0,true,"City16(Day 1) -> City18(Day 4) -> City22(Day 5)"
77,6,154.0,49.0,0.0,1,0.0,true,"City16(Day 6)"
77,7,309.0,256.0,0.0,1,0.0,true,"City22(Day 3) -> City18(Day 4)"
77,8,165.0,64.0,0.0,1,0.0,true,"City18(Day 4)"
77,9,346.0,441.0,0.0,1,0.0,true,"City16(Day 1) -> City24(Day 3) -> City18(Day 4)"
77,10,459.0,625.0,0.0,1,0.0,true,"City14(Day 1) -> City22(Day 2) -> City18(Day 4)"
77,11,341.0,361.0,0.0,1,0.0,true,"City19(Day 0) -> City16(Day 3) -> City18(Day 4)"
77,12,237.0,225.0,0.0,1,0.0,true,"City16(Day 1) -> City18(Day 4)"
78,1,165.0,64.0,0.0,1,0.0,true,"City18(Day 4)"
78,2,136.0,16.0,0.0,1,0.0,true,"City19(Day 3)"
78,3,232.0,169.0,0.0,1,0.0,true,"City16(Day 1) -> City24(Day 3)"
78,4,341.0,361.0,0.0,1,0.0,true,"City19(Day 0) -> City16(Day 3) -> City18(Day 4)"
78,5,459.0,625.0,0.0,1,0.0,true,"City14(Day 1) -> City22(Day 2) -> City18(Day 4)"
78,6,346.0,441.0,0.0,1,0.0,true,"City16(Day 1) -> City24(Day 3) -> City18(Day 4)"
78,7,405.0,576.0,0.0,1,0.0,true,"City4(Day 2) -> City16(Day 3) -> City18(Day 4)"
78,8,154.0,49.0,0.0,1,0.0,true,"City16(Day 6)"
78,9,309.0,256.0,0.0,1,0.0,true,"City22(Day 3) -> City18(Day 4)"
78,10,531.0,676.0,0.0,1,0.0,true,"City4(Day 1) -> City14(Day 2) -> City18(Day 4)"
78,11,237.0,225.0,0.0,1,0.0,true,"City16(Day 1) -> City18(Day 4)"
78,12,382.0,529.0,0.0,1,0.0,true,"City16(Day 1) -> City18(Day 4) -> City22(Day 5)"
79,1,237.0,225.0,0.0,1,0.0,true,"City16(Day 1) -> City18(Day 4)"
79,2,309.0,256.0,0.0,1,0.0,true,"City22(Day 3) -> City18(Day 4)"
79,3,232.0,169.0,0.0,1,0.0,true,"City16(Day 1) -> City24(Day 3)"
79,4,136.0,16.0,0.0,1,0.0,true,"City19(Day 3)"
79,5,346.0,441.0,0.0,1,0.0,true,"City16(Day 1) -> City24(Day 3) -> City18(Day 4)"
79,6,405.0,576.0,0.0,1,0.0,true,"City4(Day 2) -> City16(Day 3) -> City18(Day 4)"
79,7,154.0,49.0,0.0,1,0.0,true,"City16(Day 6)"
79,8,341.0,361.0,0.0,1,0.0,true,"City19(Day 0) -> City16(Day 3) -> City18(Day 4)"
79,9,382.0,529.0,0.0,1,0.0,true,"City16(Day 1) -> City18(Day 4) -> City22(Day 5)"
79,10,459.0,625.0,0.0,1,0.0,true,"City14(Day 1) -> City22(Day 2) -> City18(Day 4)"
79,11,165.0,64.0,0.0,1,0.0,true,"City18(Day 4)"
79,12,531.0,676.0,0.0,1,0.0,true,"City4(Day 1) -> City14(Day 2) -> City18(Day 4)"
80,1,346.0,441.0,0.0,1,0.0,true,"City16(Day 1) -> City24(Day 3) -> City18(Day 4)"
80,2,165.0,64.0,0.0,1,0.0,true,"City18(Day 4)"
80,3,382.0,529.0,0.0,1,0.0,true,"City16(Day 1) -> City18(Day 4) -> City22(Day 5)"
80,4,136.0,16.0,0.0,1,0.0,true,"City19(Day 3)"
80,5,232.0,169.0,0.0,1,0.0,true,"City16(Day 1) -> City24(Day 3)"
80,6,341.0,361.0,0.0,1,0.0,true,"City19(Day 0) -> City16(Day 3) -> City18(Day 4)"
80,7,459.0,625.0,0.0,1,0.0,true,"City14(Day 1) -> City22(Day 2) -> City18(Day 4)"
80,8,531.0,676.0,0.0,1,0.0,true,"City4(Day 1) -> City14(Day 2) -> City18(Day 4)"
80,9,154.0,49.0,0.0,1,0.0,true,"City16(Day 6)"
80,10,237.0,225.0,0.0,1,0.0,true,"City16(Day 1) -> City18(Day 4)"
80,11,309.0,256.0,0.0,1,0.0,true,"City22(Day 3) -> City18(Day 4)"
80,12,405.0,576.0,0.0,1,0.0,true,"City4(Day 2) -> City16(Day 3) -> City18(Day 4)"
81,1,154.0,49.0,0.0,1,0.0,true,"City16(Day 6)"
81,2,459.0,625.0,0.0,1,0.0,true,"City14(Day 1) -> City22(Day 2) -> City18(Day 4)"
81,3,382.0,529.0,0.0,1,0.0,true,"City16(Day 1) -> City18(Day 4) -> City22(Day 5)"
81,4,405.0,576.0,0.0,1,0.0,true,"City4(Day 2) -> City16(Day 3) -> City18(Day 4)"
81,5,237.0,225.0,0.0,1,0.0,true,"City16(Day 1) -> City18(Day 4)"
81,6,232.0,169.0,0.0,1,0.0,true,"City16(Day 1) -> City24(Day 3)"
81,7,136.0,16.0,0.0,1,0.0,true,"City19(Day 3)"
81,8,346.0,441.0,0.0,1,0.0,true,"City16(Day 1) -> City24(Day 3) -> City18(Day 4)"
81,9,165.0,64.0,0.0,1,0.0,true,"City18(Day 4)"
81,10,309.0,256.0,0.0,1,0.0,true,"City22(Day 3) -> City18(Day 4)"
81,11,341.0,361.0,0.0,1,0.0,true,"City19(Day 0) -> City16(Day 3) -> City18(Day 4)"
81,12,531.0,676.0,0.0,1,0.0,true,"City4(Day 1) -> City14(Day 2) -> City18(Day 4)"
82,1,136.0,16.0,0.0,1,0.0,true,"City19(Day 3)"
82,2,165.0,64.0,0.0,1,0.0,true,"City18(Day 4)"
82,3,309.0,256.0,0.0,1,0.0,true,"City22(Day 3) -> City18(Day 4)"
82,4,382.0,529.0,0.0,1,0.0,true,"City16(Day 1) -> City18(Day 4) -> City22(Day 5)"
82,5,531.0,676.0,0.0,1,0.0,true,"City4(Day 1) -> City14(Day 2) -> City18(Day 4)"
82,6,154.0,49.0,0.0,1,0.0,true,"City16(Day 6)"
82,7,341.0,361.0,0.0,1,0.0,true,"City19(Day 0) -> City16(Day 3) -> City18(Day 4)"
82,8,346.0,441.0,0.0,1,0.0,true,"City16(Day 1) -> City24(Day 3) -> City18(Day 4)"
82,9,405.0,576.0,0.0,1,0.0,true,"City4(Day 2) -> City16(Day 3) -> City18(Day 4)"
82,10,237.0,225.0,0.0,1,0.0,true,"City16(Day 1) -> City18(Day 4)"
82,11,459.0,625.0,0.0,1,0.0,true,"City14(Day 1) -> City22(Day 2) -> City18(Day 4)"
82,12,232.0,169.0,0.0,1,0.0,true,"City16(Day 1) -> City24(Day 3)"
83,1,459.0,625.0,0.0,1,0.0,true,"City14(Day 1) -> City22(Day 2) -> City18(Day 4)"
83,2,237.0,225.0,0.0,1,0.0,true,"City16(Day 1) -> City18(Day 4)"
83,3,405.0,576.0,0.0,1,0.0,true,"City4(Day 2) -> City16(Day 3) -> City18(Day 4)"
83,4,136.0,16.0,0.0,1,0.0,true,"City19(Day 3)"
83,5,165.0,64.0,0.0,1,0.0,true,"City18(Day 4)"
83,6,232.0,169.0,0.0,1,0.0,true,"City16(Day 1) -> City24(Day 3)"
83,7,154.0,49.0,0.0,1,0.0,true,"City16(Day 6)"
83,8,346.0,441.0,0.0,1,0.0,true,"City16(Day 1) -> City24(Day 3) -> City18(Day 4)"
83,9,382.0,529.0,0.0,1,0.0,true,"City16(Day 1) -> City18(Day 4) -> City22(Day 5)"
83,10,309.0,256.0,0.0,1,0.0,true,"City22(Day 3) -> City18(Day 4)"
83,11,341.0,361.0,0.0,1,0.0,true,"City19(Day 0) -> City16(Day 3) -> City18(Day 4)"
83,12,531.0,676.0,0.0,1,0.0,true,"City4(Day 1) -> City14(Day 2) -> City18(Day 4)"
84,1,341.0,361.0,0.0,1,0.0,true,"City19(Day 0) -> City16(Day 3) -> City18(Day 4)"
84,2,459.0,625.0,0.0,1,0.0,true,"City14(Day 1) -> City22(Day 2) -> City18(Day 4)"
84,3,232.0,169.0,0.0,1,0.0,true,"City16(Day 1) -> City24(Day 3)"
84,4,309.0,256.0,0.0,1,0.0,true,"City22(Day 3) -> City18(Day 4)"
84,5,154.0,49.0,0.0,1,0.0,true,"City16(Day 6)"
84,6,382.0,529.0,0.0,1,0.0,true,"City16(Day 1) -> City18(Day 4) -> City22(Day 5)"
84,7,136.0,16.0,0.0,1,0.0,true,"City19(Day 3)"
84,8,405.0,576.0,0.0,1,0.0,true,"City4(Day 2) -> City16(Day 3) -> City18(Day 4)"
84,9,531.0,676.0,0.0,1,0.0,true,"City4(Day 1) -> City14(Day 2) -> City18(Day 4)"
84,10,237.0,225.0,0.0,1,0.0,true,"City16(Day 1) -> City18(Day 4)"
84,11,346.0,441.0,0.0,1,0.0,true,"City16(Day 1) -> City24(Day 3) -> City18(Day 4)"
84,12,165.0,64.0,0.0,1,0.0,true,"City18(Day 4)"
85,1,341.0,361.0,0.0,1,0.0,true,"City19(Day 0) -> City16(Day 3) -> City18(Day 4)"
85,2,237.0,225.0,0.0,1,0.0,true,"City16(Day 1) -> City18(Day 4)"
85,3,165.0,64.0,0.0,1,0.0,true,"City18(Day 4)"
85,4,531.0,676.0,0.0,1,0.0,true,"City4(Day 1) -> City14(Day 2) -> City18(Day 4)"
85,5,459.0,625.0,0.0,1,0.0,true,"City14(Day 1) -> City22(Day 2) -> City18(Day 4)"
85,6,405.0,576.0,0.0,1,0.0,true,"City4(Day 2) -> City16(Day 3) -> City18(Day 4)"
85,7,382.0,529.0,0.0,1,0.0,true,"City16(Day 1) -> City18(Day 4) -> City22(Day 5)"
85,8,309.0,256.0,0.0,1,0.0,true,"City22(Day 3) -> City18(Day 4)"
85,9,232.0,169.0,0.0,1,0.0,true,"City16(Day 1) -> City24(Day 3)"
85,10,136.0,16.0,0.0,1,0.0,true,"City19(Day 3)"
85,11,154.0,49.0,0.0,1,0.0,true,"City16(Day 6)"
85,12,346.0,441.0,0.0,1,0.0,true,"City16(Day 1) -> City24(Day 3) -> City18(Day 4)"
86,1,459.0,625.0,0.0,1,0.0,true,"City14(Day 1) -> City22(Day 2) -> City18(Day 4)"
86,2,165.0,64.0,0.0,1,0.0,true,"City18(Day 4)"
86,3,346.0,441.0,0.0,1,0.0,true,"City16(Day 1) -> City24(Day 3) -> City18(Day 4)"
86,4,341.0,361.0,0.0,1,0.0,true,"City19(Day 0) -> City16(Day 3) -> City18(Day 4)"
86,5,154.0,49.0,0.0,1,0.0,true,"City16(Day 6)"
86,6,237.0,225.0,0.0,1,0.0,true,"City16(Day 1) -> City18(Day 4)"
86,7,382.0,529.0,0.0,1,0.0,true,"City16(Day 1) -> City18(Day 4) -> City22(Day 5)"
86,8,405.0,576.0,0.0,1,0.0,true,"City4(Day 2) -> City16(Day 3) -> City18(Day 4)"
86,9,232.0,169.0,0.0,1,0.0,true,"City16(Day 1) -> City24(Day 3)"
86,10,531.0,676.0,0.0,1,0.0,true,"City4(Day 1) -> City14(Day 2) -> City18(Day 4)"
86,11,309.0,256.0,0.0,1,0.0,true,"City22(Day 3) -> City18(Day 4)"
86,12,136.0,16.0,0.0,1,0.0,true,"City19(Day 3)"
87,1,232.0,169.0,0.0,1,0.0,true,"City16(Day 1) -> City24(Day 3)"
87,2,459.0,625.0,0.0,1,0.0,true,"City14(Day 1) -> City22(Day 2) -> City18(Day 4)"
87,3,154.0,49.0,0.0,1,0.0,true,"City16(Day 6)"
87,4,165.0,64.0,0.0,1,0.0,true,"City18(Day 4)"
87,5,346.0,441.0,0.0,1,0.0,true,"City16(Day 1) -> City24(Day 3) -> City18(Day 4)"
87,6,405.0,576.0,0.0,1,0.0,true,"City4(Day 2) -> City16(Day 3) -> City18(Day 4)"
87,7,136.0,16.0,0.0,1,0.0,true,"City19(Day 3)"
87,8,309.0,256.0,0.0,1,0.0,true,"City22(Day 3) -> City18(Day 4)"
87,9,341.0,361.0,0.0,1,0.0,true,"City19(Day 0) -> City16(Day 3) -> City18(Day 4)"
87,10,237.0,225.0,0.0,1,0.0,true,"City16(Day 1) -> City18(Day 4)"
87,11,531.0,676.0,0.0,1,0.0,true,"City4(Day 1) -> City14(Day 2) -> City18(Day 4)"
87,12,382.0,529.0,0.0,1,0.0,true,"City16(Day 1) -> City18(Day 4) -> City22(Day 5)"
88,1,382.0,529.0,0.0,1,0.0,true,"City16(Day 1) -> City18(Day 4) -> City22(Day 5)"
88,2,531.0,676.0,0.0,1,0.0,true,"City4(Day 1) -> City14(Day 2) -> City18(Day 4)"
88,3,459.0,625.0,0.0,1,0.0,true,"City14(Day 1) -> City22(Day 2) -> City18(Day 4)"
88,4,237.0,225.0,0.0,1,0.0,true,"City16(Day 1) -> City18(Day 4)"
88,5,154.0,49.0,0.0,1,0.0,true,"City16(Day 6)"
88,6,165.0,64.0,0.0,1,0.0,true,"City18(Day 4)"
88,7,136.0,16.0,0.0,1,0.0,true,"City19(Day 3)"
88,8,341.0,361.0,0.0,1,0.0,true,"City19(Day 0) -> City16(Day 3) -> City18(Day 4)"
88,9,405.0,576.0,0.0,1,0.0,true,"City4(Day 2) -> City16(Day 3) -> City18(Day 4)"
88,10,346.0,441.0,0.0,1,0.0,true,"City16(Day 1) -> City24(Day 3) -> City18(Day 4)"
88,11,232.0,169.0,0.0,1,0.0,true,"City16(Day 1) -> City24(Day 3)"
88,12,309.0,256.0,0.0,1,0.0,true,"City22(Day 3) -> City18(Day 4)"
89,1,165.0,64.0,0.0,1,0.0,true,"City18(Day 4)"
89,2,459.0,625.0,0.0,1,0.0,true,"City14(Day 1) -> City22(Day 2) -> City18(Day 4)"
89,3,346.0,441.0,0.0,1,0.0,true,"City16(Day 1) -> City24(Day 3) -> City18(Day 4)"
89,4,531.0,676.0,0.0,1,0.0,true,"City4(Day 1) -> City14(Day 2) -> City18(Day 4)"
89,5,232.0,169.0,0.0,1,0.0,true,"City16(Day 1) -> City24(Day 3)"
89,6,237.0,225.0,0.0,1,0.0,true,"City16(Day 1) -> City18(Day 4)"
89,7,136.0,16.0,0.0,1,0.0,true,"City19(Day 3)"
89,8,341.0,361.0,0.0,1,0.0,true,"City19(Day 0) -> City16(Day 3) -> City18(Day 4)"
89,9,309.0,256.0,0.0,1,0.0,true,"City22(Day 3) -> City18(Day 4)"
89,10,154.0,49.0,0.0,1,0.0,true,"City16(Day 6)"
89,11,382.0,529.0,0.0,1,0.0,true,"City16(Day 1) -> City18(Day 4) -> City22(Day 5)"
89,12,405.0,576.0,0.0,1,0.0,true,"City4(Day 2) -> City16(Day 3) -> City18(Day 4)"
90,1,165.0,64.0,0.0,1,0.0,true,"City18(Day 4)"
90,2,346.0,441.0,0.0,1,0.0,true,"City16(Day 1) -> City24(Day 3) -> City18(Day 4)"
90,3,232.0,169.0,0.0,1,0.0,true,"City16(Day 1) -> City24(Day 3)"
90,4,237.0,225.0,0.0,1,0.0,true,"City16(Day 1) -> City18(Day 4)"
90,5,309.0,256.0,0.0,1,0.0,true,"City22(Day 3) -> City18(Day 4)"
90,6,531.0,676.0,0.0,1,0.0,true,"City4(Day 1) -> City14(Day 2) -> City18(Day 4)"
90,7,382.0,529.0,0.0,1,0.0,true,"City16(Day 1) -> City18(Day 4) -> City22(Day 5)"
90,8,405.0,576.0,0.0,1,0.0,true,"City4(Day 2) -> City16(Day 3) -> City18(Day 4)"
90,9,341.0,361.0,0.0,1,0.0,true,"City19(Day 0) -> City16(Day 3) -> City18(Day 4)"
90,10,459.0,625.0,0.0,1,0.0,true,"City14(Day 1) -> City22(Day 2) -> City18(Day 4)"
90,11,136.0,16.0,0.0,1,0.0,true,"City19(Day 3)"
90,12,154.0,49.0,0.0,1,0.0,true,"City16(Day 6)"
91,1,341.0,361.0,0.0,1,0.0,true,"City19(Day 0) -> City16(Day 3) -> City18(Day 4)"
91,2,154.0,49.0,0.0,1,0.0,true,"City16(Day 6)"
91,3,459.0,625.0,0.0,1,0.0,true,"City14(Day 1) -> City22(Day 2) -> City18(Day 4)"
91,4,309.0,256.0,0.0,1,0.0,true,"City22(Day 3) -> City18(Day 4)"
91,5,232.0,169.0,0.0,1,0.0,true,"City16(Day 1) -> City24(Day 3)"
91,6,136.0,16.0,0.0,1,0.0,true,"City19(Day 3)"
91,7,165.0,64.0,0.0,1,0.0,true,"City18(Day 4)"
91,8,382.0,529.0,0.0,1,0.0,true,"City16(Day 1) -> City18(Day 4) -> City22(Day 5)"
91,9,346.0,441.0,0.0,1,0.0,true,"City16(Day 1) -> City24(Day 3) -> City18(Day 4)"
91,10,531.0,676.0,0.0,1,0.0,true,"City4(Day 1) -> City14(Day 2) -> City18(Day 4)"
91,11,237.0,225.0,0.0,1,0.0,true,"City16(Day 1) -> City18(Day 4)"
91,12,405.0,576.0,0.0,1,0.0,true,"City4(Day 2) -> City16(Day 3) -> City18(Day 4)"
92,1,165.0,64.0,0.0,1,0.0,true,"City18(Day 4)"
92,2,237.0,225.0,0.0,1,0.0,true,"City16(Day 1) -> City18(Day 4)"
92,3,232.0,169.0,0.0,1,0.0,true,"City16(Day 1) -> City24(Day 3)"
92,4,341.0,361.0,0.0,1,0.0,true,"City19(Day 0) -> City16(Day 3) -> City18(Day 4)"
92,5,459.0,625.0,0.0,1,0.0,true,"City14(Day 1) -> City22(Day 2) -> City18(Day 4)"
92,6,405.0,576.0,0.0,1,0.0,true,"City4(Day 2) -> City16(Day 3) -> City18(Day 4)"
92,7,309.0,256.0,0.0,1,0.0,true,"City22(Day 3) -> City18(Day 4)"
92,8,136.0,16.0,0.0,1,0.0,true,"City19(Day 3)"
92,9,531.0,676.0,0.0,1,0.0,true,"City4(Day 1) -> City14(Day 2) -> City18(Day 4)"
92,10,346.0,441.0,0.0,1,0.0,true,"City16(Day 1) -> City24(Day 3) -> City18(Day 4)"
92,11,382.0,529.0,0.0,1,0.0,true,"City16(Day 1) -> City18(Day 4) -> City22(Day 5)"
92,12,154.0,49.0,0.0,1,0.0,true,"City16(Day 6)"
93,1,382.0,529.0,0.0,1,0.0,true,"City16(Day 1) -> City18(Day 4) -> City22(Day 5)"
93,2,232.0,169.0,0.0,1,0.0,true,"City16(Day 1) -> City24(Day 3)"
93,3,237.0,225.0,0.0,1,0.0,true,"City16(Day 1) -> City18(Day 4)"
93,4,165.0,64.0,0.0,1,0.0,true,"City18(Day 4)"
93,5,309.0,256.0,0.0,1,0.0,true,"City22(Day 3) -> City18(Day 4)"
93,6,459.0,625.0,0.0,1,0.0,true,"City14(Day 1) -> City22(Day 2) -> City18(Day 4)"
93,7,341.0,361.0,0.0,1,0.0,true,"City19(Day 0) -> City16(Day 3) -> City18(Day 4)"
93,8,405.0,576.0,0.0,1,0.0,true,"City4(Day 2) -> City16(Day 3) -> City18(Day 4)"
93,9,136.0,16.0,0.0,1,0.0,true,"City19(Day 3)"
93,10,531.0,676.0,0.0,1,0.0,true,"City4(Day 1) -> City14(Day 2) -> City18(Day 4)"
93,11,346.0,441.0,0.0,1,0.0,true,"City16(Day 1) -> City24(Day 3) -> City18(Day 4)"
93,12,154.0,49.0,0.0,1,0.0,true,"City16(Day 6)"
94,1,346.0,441.0,0.0,1,0.0,true,"City16(Day 1) -> City24(Day 3) -> City18(Day 4)"
94,2,237.0,225.0,0.0,1,0.0,true,"City16(Day 1) -> City18(Day 4)"
94,3,165.0,64.0,0.0,1,0.0,true,"City18(Day 4)"
94,4,341.0,361.0,0.0,1,0.0,true,"City19(Day 0) -> City16(Day 3) -> City18(Day 4)"
94,5,405.0,576.0,0.0,1,0.0,true,"City4(Day 2) -> City16(Day 3) -> City18(Day 4)"
94,6,531.0,676.0,0.0,1,0.0,true,"City4(Day 1) -> City14(Day 2) -> City18(Day 4)"
94,7,154.0,49.0,0.0,1,0.0,true,"City16(Day 6)"
94,8,136.0,16.0,0.0,1,0.0,true,"City19(Day 3)"
94,9,309.0,256.0,0.0,1,0.0,true,"City22(Day 3) -> City18(Day 4)"
94,10,382.0,529.0,0.0,1,0.0,true,"City16(Day 1) -> City18(Day 4) -> City22(Day 5)"
94,11,459.0,625.0,0.0,1,0.0,true,"City14(Day 1) -> City22(Day 2) -> City18(Day 4)"
94,12,232.0,169.0,0.0,1,0.0,true,"City16(Day 1) -> City24(Day 3)"
95,1,382.0,529.0,0.0,1,0.0,true,"City16(Day 1) -> City18(Day 4) -> City22(Day 5)"
95,2,309.0,256.0,0.0,1,0.0,true,"City22(Day 3) -> City18(Day 4)"
95,3,341.0,361.0,0.0,1,0.0,true,"City19(Day 0) -> City16(Day 3) -> City18(Day 4)"
95,4,165.0,64.0,0.0,1,0.0,true,"City18(Day 4)"
95,5,531.0,676.0,0.0,1,0.0,true,"City4(Day 1) -> City14(Day 2) -> City18(Day 4)"
95,6,405.0,576.0,0.0,1,0.0,true,"City4(Day 2) -> City16(Day 3) -> City18(Day 4)"
95,7,136.0,16.0,0.0,1,0.0,true,"City19(Day 3)"
95,8,232.0,169.0,0.0,1,0.0,true,"City16(Day 1) -> City24(Day 3)"
95,9,459.0,625.0,0.0,1,0.0,true,"City14(Day 1) -> City22(Day 2) -> City18(Day 4)"
95,10,154.0,49.0,0.0,1,0.0,true,"City16(Day 6)"
95,11,237.0,225.0,0.0,1,0.0,true,"City16(Day 1) -> City18(Day 4)"
95,12,346.0,441.0,0.0,1,0.0,true,"City16(Day 1) -> City24(Day 3) -> City18(Day 4)"
96,1,382.0,529.0,0.0,1,0.0,true,"City16(Day 1) -> City18(Day 4) -> City22(Day 5)"
96,2,232.0,169.0,0.0,1,0.0,true,"City16(Day 1) -> City24(Day 3)"
96,3,136.0,16.0,0.0,1,0.0,true,"City19(Day 3)"
96,4,405.0,576.0,0.0,1,0.0,true,"City4(Day 2) -> City16(Day 3) -> City18(Day 4)"
96,5,531.0,676.0,0.0,1,0.0,true,"City4(Day 1) -> City14(Day 2) -> City18(Day 4)"
96,6,309.0,256.0,0.0,1,0.0,true,"City22(Day 3) -> City18(Day 4)"
96,7,346.0,441.0,0.0,1,0.0,true,"City16(Day 1) -> City24(Day 3) -> City18(Day 4)"
96,8,165.0,64.0,0.0,1,0.0,true,"City18(Day 4)"
96,9,459.0,625.0,0.0,1,0.0,true,"City14(Day 1) -> City22(Day 2) -> City18(Day 4)"
96,10,341.0,361.0,0.0,1,0.0,true,"City19(Day 0) -> City16(Day 3) -> City18(Day 4)"
96,11,237.0,225.0,0.0,1,0.0,true,"City16(Day 1) -> City18(Day 4)"
96,12,154.0,49.0,0.0,1,0.0,true,"City16(Day 6)"
97,1,232.0,169.0,0.0,1,0.0,true,"City16(Day 1) -> City24(Day 3)"
97,2,165.0,64.0,0.0,1,0.0,true,"City18(Day 4)"
97,3,382.0,529.0,0.0,1,0.0,true,"City16(Day 1) -> City18(Day 4) -> City22(Day 5)"
97,4,341.0,361.0,0.0,1,0.0,true,"City19(Day 0) -> City16(Day 3) -> City18(Day 4)"
97,5,154.0,49.0,0.0,1,0.0,true,"City16(Day 6)"
97,6,136.0,16.0,0.0,1,0.0,true,"City19(Day 3)"
97,7,237.0,225.0,0.0,1,0.0,true,"City16(Day 1) -> City18(Day 4)"
97,8,531.0,676.0,0.0,1,0.0,true,"City4(Day 1) -> City14(Day 2) -> City18(Day 4)"
97,9,405.0,576.0,0.0,1,0.0,true,"City4(Day 2) -> City16(Day 3) -> City18(Day 4)"
97,10,459.0,625.0,0.0,1,0.0,true,"City14(Day 1) -> City22(Day 2) -> City18(Day 4)"
97,11,346.0,441.0,0.0,1,0.0,true,"City16(Day 1) -> City24(Day 3) -> City18(Day 4)"
97,12,309.0,256.0,0.0,1,0.0,true,"City22(Day 3) -> City18(Day 4)"
98,1,237.0,225.0,0.0,1,0.0,true,"City16(Day 1) -> City18(Day 4)"
98,2,531.0,676.0,0.0,1,0.0,true,"City4(Day 1) -> City14(Day 2) -> City18(Day 4)"
98,3,309.0,256.0,0.0,1,0.0,true,"City22(Day 3) -> City18(Day 4)"
98,4,346.0,441.0,0.0,1,0.0,true,"City16(Day 1) -> City24(Day 3) -> City18(Day 4)"
98,5,232.0,169.0,0.0,1,0.0,true,"City16(Day 1) -> City24(Day 3)"
98,6,382.0,529.0,0.0,1,0.0,true,"City16(Day 1) -> City18(Day 4) -> City22(Day 5)"
98,7,405.0,576.0,0.0,1,0.0,true,"City4(Day 2) -> City16(Day 3) -> City18(Day 4)"
98,8,154.0,49.0,0.0,1,0.0,true,"City16(Day 6)"
98,9,341.0,361.0,0.0,1,0.0,true,"City19(Day 0) -> City16(Day 3) -> City18(Day 4)"
98,10,459.0,625.0,0.0,1,0.0,true,"City14(Day 1) -> City22(Day 2) -> City18(Day 4)"
98,11,136.0,16.0,0.0,1,0.0,true,"City19(Day 3)"
98,12,165.0,64.0,0.0,1,0.0,true,"City18(Day 4)"
99,1,531.0,676.0,0.0,1,0.0,true,"City4(Day 1) -> City14(Day 2) -> City18(Day 4)"
99,2,309.0,256.0,0.0,1,0.0,true,"City22(Day 3) -> City18(Day 4)"
99,3,405.0,576.0,0.0,1,0.0,true,"City4(Day 2) -> City16(Day 3) -> City18(Day 4)"
99,4,165.0,64.0,0.0,1,0.0,true,"City18(Day 4)"
99,5,382.0,529.0,0.0,1,0.0,true,"City16(Day 1) -> City18(Day 4) -> City22(Day 5)"
99,6,154.0,49.0,0.0,1,0.0,true,"City16(Day 6)"
99,7,237.0,225.0,0.0,1,0.0,true,"City16(Day 1) -> City18(Day 4)"
99,8,232.0,169.0,0.0,1,0.0,true,"City16(Day 1) -> City24(Day 3)"
99,9,459.0,625.0,0.0,1,0.0,true,"City14(Day 1) -> City22(Day 2) -> City18(Day 4)"
99,10,136.0,16.0,0.0,1,0.0,true,"City19(Day 3)"
99,11,346.0,441.0,0.0,1,0.0,true,"City16(Day 1) -> City24(Day 3) -> City18(Day 4)"
99,12,341.0,361.0,0.0,1,0.0,true,"City19(Day 0) -> City16(Day 3) -> City18(Day 4)"
100,1,232.0,169.0,0.0,1,0.0,true,"City16(Day 1) -> City24(Day 3)"
100,2,165.0,64.0,0.0,1,0.0,true,"City18(Day 4)"
100,3,405.0,576.0,0.0,1,0.0,true,"City4(Day 2) -> City16(Day 3) -> City18(Day 4)"
100,4,237.0,225.0,0.0,1,0.0,true,"City16(Day 1) -> City18(Day 4)"
100,5,136.0,16.0,0.0,1,0.0,true,"City19(Day 3)"
100,6,341.0,361.0,0.0,1,0.0,true,"City19(Day 0) -> City16(Day 3) -> City18(Day 4)"
100,7,531.0,676.0,0.0,1,0.0,true,"City4(Day 1) -> City14(Day 2) -> City18(Day 4)"
100,8,459.0,625.0,0.0,1,0.0,true,"City14(Day 1) -> City22(Day 2) -> City18(Day 4)"
100,9,154.0,49.0,0.0,1,0.0,true,"City16(Day 6)"
100,10,309.0,256.0,0.0,1,0.0,true,"City22(Day 3) -> City18(Day 4)"
100,11,346.0,441.0,0.0,1,0.0,true,"City16(Day 1) -> City24(Day 3) -> City18(Day 4)"
100,12,382.0,529.0,0.0,1,0.0,true,"City16(Day 1) -> City18(Day 4) -> City22(Day 5)"
